0,0.0007073084513346354,0.04123544692993164,0.013815482457478842,0.0004359881083170573,0.0004359881083170573,0.00042740503946940106,0.0004703998565673828
1,0.0018134117126464844,0.17691930135091147,0.002094268798828125,0.0034856796264648438,0.0009885629018147786,0.00470423698425293,0.0013089179992675781
2,0.15541569391886392,0.03395708401997884,0.10956327120463054,0.0010381539662679036,0.07436394691467285,0.010689894358317057,0.07513737678527832
3,0.014964103698730469,0.1928861141204834,0.018701632817586262,0.009374856948852539,0.005226532618204753,0.01220234235127767,0.005187193552652995
4,0.15607531865437826,0.03190056482950846,0.10897787412007649,0.09996477762858073,0.18676257133483887,0.03565820058186849,0.11033487319946289
5,0.1551659107208252,0.04705460866292318,0.23790407180786133,0.017000675201416016,0.0910960038503011,0.023607969284057617,0.09523073832194011
6,0.15390515327453613,0.01543569564819336,0.0884412129720052,0.05268073081970215,0.16599138577779135,0.02200015385945638,0.0889732042948405
7,0.001468340555826823,0.06348673502604167,0.0015274683634440105,0.027752478917439777,0.005738576253255208,0.03240720431009928,0.005707263946533203
8,0.0027043024698893228,0.1758879820505778,0.0032808780670166016,0.010764757792154947,0.002424319585164388,0.013295173645019531,0.0024193127950032554
9,0.007650534311930339,0.19260676701863608,0.008850971857706705,0.002461592356363932,0.002072413762410482,0.0027577877044677734,0.0021320978800455728
10,0.15036678314208984,0.08043209711710612,0.23330132166544595,0.09909470876057942,0.17932883898417154,0.09118946393330891,0.21732441584269205
11,0.0013817946116129558,0.19147197405497232,0.0015930334726969402,0.0004134178161621094,0.0005888144175211588,0.0006461143493652344,0.0006268819173177084
12,0.01311055819193522,0.18832882245381674,0.015031099319458008,0.00047842661539713543,0.0023316542307535806,0.0005400180816650391,0.002256472905476888
13,0.03208589553833008,0.07540059089660645,0.04198304812113444,0.011251370112101236,0.01186521848042806,0.037157694498697914,0.012421528498331705
14,0.14484167098999023,0.1736759344736735,0.23906405766805014,0.10001715024312337,0.17465082804361978,0.1440428098042806,0.21378564834594727
15,0.009367624918619791,0.07310962677001953,0.011351346969604492,0.0029691060384114585,0.002820173899332682,0.0030666987101236978,0.002703428268432617
16,0.0931078592936198,0.008237202962239584,0.04112847646077474,0.003829320271809896,0.0383753776550293,0.002386808395385742,0.038933912913004555
17,0.08904361724853516,0.02994569142659505,0.05681618054707845,0.1026600996653239,0.10373044013977051,0.03188776969909668,0.05771867434183756
18,0.0005564689636230469,0.03647963205973307,0.015682220458984375,0.0007794698079427084,0.0005703767140706381,0.011549075444539389,0.0006130536397298177
19,0.0039310455322265625,0.18958822886149088,0.0051161448160807295,0.03967754046122233,0.010870615641276041,0.05649399757385254,0.011407295862833658
20,0.0009109179178873698,0.1929937203725179,0.0012555917104085286,0.0021550655364990234,0.0008579095204671224,0.002311150232950846,0.0010136763254801433
21,0.00652305285135905,0.18511263529459634,0.0075406233469645185,0.0481261412302653,0.006745735804239909,0.07072639465332031,0.006814877192179362
22,0.014703671137491861,0.19299689928690592,0.018148024876912434,0.018593311309814453,0.006899356842041016,0.022853533426920574,0.007226308186848958
23,0.15514214833577475,0.020726839701334637,0.09471241633097331,0.10577583312988281,0.18712425231933594,0.02085288365681966,0.09604763984680176
24,0.15485246976216635,0.16757877667744955,0.23965930938720703,0.0005046526590983073,0.07342004776000977,0.0006558895111083984,0.07309627532958984
25,0.024489084879557293,0.19303011894226074,0.030529022216796875,0.000919342041015625,0.005461692810058594,0.001009066899617513,0.0057830015818278
26,0.003055095672607422,0.19108319282531738,0.0031828880310058594,0.0029173692067464194,0.0013648668924967449,0.0035293102264404297,0.0013375282287597656
27,0.005298535029093425,0.19460082054138184,0.0059223175048828125,0.0031407674153645835,0.0018591880798339844,0.003995736440022786,0.0019152164459228516
28,0.05645942687988281,0.1926123301188151,0.08365162213643391,0.04085000356038412,0.05961871147155762,0.05825885136922201,0.06256214777628581
29,0.0005578200022379557,0.03806145985921224,0.01274545987447103,0.0005510648091634115,0.00048287709554036457,0.0006478627522786459,0.0005792776743570963
30,0.007073163986206055,0.1739028294881185,0.008855581283569336,0.0005747477213541666,0.0014252662658691406,0.0005930264790852865,0.0014854272206624348
31,0.0005524158477783203,0.08292539914449056,0.0006299018859863281,0.004399855931599935,0.0008119742075602213,0.004813750584920247,0.001037915547688802
32,0.025107940038045246,0.19243327776590982,0.03189563751220703,0.0005512237548828125,0.005614042282104492,0.0005598862965901693,0.005666573842366536
33,0.022810935974121094,0.008661826451619467,0.007515430450439453,0.005329052607218425,0.006552298863728841,0.002669652303059896,0.006704171498616536
34,0.0003533363342285156,0.19115940729777017,0.0004437764485677083,0.0045964717864990234,0.0008885065714518229,0.005615631739298503,0.000946203867594401
35,0.0006139278411865234,0.1924708684285482,0.0006810824076334635,0.004479646682739258,0.0009160836537679037,0.0054331620534261065,0.0008198420206705729
36,0.15507904688517252,0.015123685201009115,0.08841983477274577,0.0074422359466552734,0.08156108856201172,0.0046062469482421875,0.08248567581176758
37,0.15508365631103516,0.19294468561808267,0.2774641513824463,0.020038127899169922,0.09397061665852864,0.02484750747680664,0.10006276766459148
38,0.09267171223958333,0.06919439633687337,0.1257967154184977,0.03963987032572428,0.06793967882792155,0.05010263125101725,0.07121316591898601
39,0.15590397516886392,0.018734137217203777,0.09479490915934245,0.00451811154683431,0.07912699381510417,0.0054166316986083984,0.07919621467590332
40,0.15381677945454916,0.03451395034790039,0.10317246119181316,0.00988920529683431,0.08304667472839355,0.010608514149983725,0.08597620328267415
41,0.0015327930450439453,0.18320250511169434,0.001837015151977539,0.0026574929555257163,0.000904083251953125,0.0031929810841878257,0.0010832945505777996
42,0.001341422398885091,0.05645529429117838,0.0014936129252115886,0.006696462631225586,0.0014931360880533855,0.02458635965983073,0.0015514691670735676
43,0.027701139450073242,0.015828371047973633,0.012381235758463541,0.00038886070251464844,0.0063838958740234375,0.0005024274190266927,0.006612698237101237
44,0.00895531972249349,0.19273106257120767,0.010502974192301432,0.0009793440500895183,0.001623709996541341,0.0012479623158772786,0.0016016960144042969
45,0.0006230672200520834,0.042984406153361,0.0006610552469889323,0.052515109380086265,0.0007359186808268229,0.0450437068939209,0.0007479985555013021
46,0.13336730003356934,0.1911770502726237,0.22770222028096518,0.09200135866800944,0.09513481458028157,0.05577619870503744,0.10916511217753093
47,0.024497429529825848,0.07837287584940593,0.02916876475016276,0.04299680391947428,0.024936755498250324,0.0580448309580485,0.025732914606730144
48,0.06958754857381184,0.19271413485209146,0.10601600011189778,0.0022951761881510415,0.02583614985148112,0.002621809641520182,0.026139020919799805
49,0.15549500783284506,0.03919180234273275,0.11432496706644694,0.01872102419535319,0.09262267748514812,0.02059761683146159,0.09595712025960286
50,0.04215558369954427,0.019370555877685547,0.021033763885498047,0.0006705919901529948,0.012333869934082031,0.004517873128255208,0.012220223744710287
51,0.0203091303507487,0.027161677678426106,0.013359387715657553,0.0005757808685302734,0.004296223322550456,0.0006721019744873047,0.004355589548746745
52,0.000980377197265625,0.0013672510782877605,0.0007450580596923828,0.0008654594421386719,0.0008494853973388672,0.0006000995635986328,0.0006199677785237631
53,0.00044806798299153644,0.04399991035461426,0.0005706151326497396,0.0008180141448974609,0.00047890345255533856,0.0009558995564778646,0.000478823979695638
54,0.001470804214477539,0.17630775769551596,0.0018296241760253906,0.05731797218322754,0.001595894495646159,0.08427294095357259,0.0018173853556315105
55,0.007254203160603841,0.04456329345703125,0.00751042366027832,0.00046126047770182293,0.001596212387084961,0.0005353291829427084,0.0017170111338297527
56,0.022801637649536133,0.05082567532857259,0.034407854080200195,0.03852518399556478,0.0198211669921875,0.04972966512044271,0.019875208536783855
57,0.15537786483764648,0.00402522087097168,0.07805975278218587,0.01802666982014974,0.09477400779724121,0.004005750020345052,0.0793148676554362
58,0.00480953852335612,0.1929322083791097,0.005601803461710612,0.07341353098551433,0.004949251810709636,0.11739126841227214,0.005248228708902995
59,0.02011879285176595,0.01978905995686849,0.010371764500935873,0.001489718755086263,0.004509290059407552,0.004610379536946614,0.004480838775634766
60,0.0006416638692220052,0.17903955777486166,0.0007854302724202474,0.004635731379191081,0.0009058316548665365,0.004956404368082683,0.0010990301767985027
61,0.0011719862620035808,0.1927793025970459,0.0015366872151692708,0.0017042954762776692,0.0007819334665934244,0.0021015803019205728,0.0008781750996907552
62,0.12764350573221842,0.030390103658040363,0.08409984906514485,0.007133801778157552,0.06382147471110027,0.01021138827006022,0.06346893310546875
63,0.0008208751678466797,0.18998845418294272,0.0010097026824951172,0.002085606257120768,0.0006834665934244791,0.002685070037841797,0.0008176167805989584
64,0.0007540384928385416,0.19129339853922525,0.0008989969889322916,0.039198875427246094,0.00917204221089681,0.05600674947102865,0.009470939636230469
65,0.018643856048583984,0.023847103118896484,0.01153421401977539,0.005357662836710612,0.005243857701619466,0.0071303049723307295,0.005204200744628906
66,0.15085927645365396,0.01746535301208496,0.09011038144429524,0.03737783432006836,0.10874732335408528,0.01629177729288737,0.0901939074198405
67,0.12676803270975748,0.19324111938476562,0.21391121546427408,0.0005200703938802084,0.054988702138264976,0.0005164941151936849,0.055432637532552086
68,0.15523266792297363,0.19166739781697592,0.27549902598063153,0.0002474784851074219,0.0736399491628011,0.00045371055603027344,0.0731354554494222
69,0.0024428367614746094,0.022571086883544922,0.0055077870686848955,0.008938471476236979,0.0019222100575764973,0.006994724273681641,0.002131303151448568
70,0.0008928775787353516,0.022810697555541992,0.006854852040608724,0.008195082346598307,0.0016295115152994792,0.007390419642130534,0.0014745394388834636
71,0.001413106918334961,0.042071898778279625,0.027714093526204426,0.02388485272725423,0.004609107971191406,0.02395931879679362,0.005530198415120442
72,0.006479819615681966,0.05785409609476725,0.0069274107615153,0.0010321935017903645,0.0015021165211995442,0.0010936260223388672,0.0017117659250895183
73,0.15391906102498373,0.18983705838521323,0.27161184946695965,0.026793797810872395,0.09991733233133952,0.0355223019917806,0.1087343692779541
74,0.14493354161580405,0.007253567377726237,0.0736242135365804,0.0962526798248291,0.17055733998616537,0.0073888301849365234,0.07312504450480144
75,0.12428196271260579,0.029088576634724934,0.08164509137471516,0.04497687021891276,0.05421344439188639,0.0006866455078125,0.061180671056111656
76,0.0010140736897786458,0.04468353589375814,0.001260201136271159,0.0003905296325683594,0.0005853176116943359,0.0006350676218668619,0.0005667209625244141
77,0.0003422101338704427,0.020000378290812176,0.00038178761800130207,0.05403486887613932,0.000337680180867513,0.02626649538675944,0.00043765703837076825
78,0.02380681037902832,0.19311785697937012,0.029540220896402996,0.041084607442220054,0.01997820536295573,0.056639671325683594,0.02111029624938965
79,0.0874923865000407,0.0208279291788737,0.04702838261922201,0.0006916522979736328,0.03243867556254069,0.005016167958577474,0.03259778022766113
80,0.0007586479187011719,0.04645291964213053,0.0007387002309163412,0.0013252099355061848,0.0006024837493896484,0.0013265609741210938,0.0007053216298421224
81,0.15473858515421549,0.018802404403686523,0.09281587600708008,0.0012226104736328125,0.07325196266174316,0.004425923029581706,0.0744324525197347
82,0.002068122227986654,0.026901642481486004,0.007972002029418945,0.0005099773406982422,0.0008164246877034506,0.0004990895589192709,0.0008505980173746744
83,0.000606377919514974,0.19027423858642578,0.0008602142333984375,0.011673688888549805,0.002006689707438151,0.013690312703450521,0.002086162567138672
84,0.15413991610209146,0.07167522112528484,0.24904370307922363,0.021337032318115234,0.09710208574930827,0.02634421984354655,0.09999195734659831
85,0.01432053248087565,0.19313128789265951,0.016784111658732098,0.01602625846862793,0.006616751352945964,0.020041465759277344,0.006482839584350586
86,0.024645884831746418,0.19098607699076334,0.030480305353800457,0.06407229105631511,0.025135040283203125,0.0999282995859782,0.0267483393351237
87,0.014339526494344076,0.1928232510884603,0.01691857973734538,0.028606891632080078,0.01047054926554362,0.03769596417744955,0.010912418365478516
88,0.005114396413167317,0.0016059080759684246,0.0016404787699381511,0.0005125999450683594,0.0010635852813720703,0.0006547768910725912,0.0006326834360758463
89,0.15612506866455078,0.04655639330546061,0.22218759854634604,0.01998170216878255,0.09398802121480306,0.025372823079427082,0.09771323204040527
90,0.020946741104125977,0.04935018221537272,0.02458945910135905,0.0005391438802083334,0.0043095747629801435,0.0006465911865234375,0.0044558048248291016
91,0.035878499348958336,0.20400349299112955,0.04783503214518229,0.00045259793599446613,0.009555657704671225,0.0005369186401367188,0.009322245915730795
92,0.10099029541015625,0.030310948689778645,0.0656583309173584,0.0399771531422933,0.07159829139709473,0.025455474853515625,0.06552728017171223
93,0.043413400650024414,0.009768247604370117,0.015592018763224283,0.0004341602325439453,2.1554698944091797,0.0018440087636311848,0.012420256932576498
94,0.0013950665791829426,0.07229415575663249,0.0014672279357910156,0.000751495361328125,0.0007415612538655599,0.0008224646250406901,0.0007940928141276041
95,0.09018103281656902,0.17701641718546549,0.13431700070699057,0.00047548611958821613,0.0330962340037028,0.00037384033203125,0.03308860460917155
96,0.08167799313863118,0.19250861803690592,0.1264986197153727,0.025737921396891277,0.04715085029602051,0.034304300944010414,0.05023090044657389
97,0.004992167154947917,0.16245468457539877,0.005352338155110677,0.004055420557657878,0.0018451213836669922,0.004736741383870442,0.0020157496134440103
98,0.15162873268127441,0.18456665674845377,0.26372329394022626,0.007574637730916341,0.08032631874084473,0.008511781692504883,0.08166225751241048
99,0.007249514261881511,0.02266581853230794,0.007165114084879558,0.03380584716796875,0.010186433792114258,0.016659021377563477,0.007294813791910808
100,0.015276511510213217,0.19292751948038736,0.017405986785888672,0.03647001584370931,0.015601714452107748,0.05144683519999186,0.01439968744913737
101,0.01498119036356608,0.05949076016743978,0.016025622685750324,0.06016945838928223,0.014936288197835287,0.058516899744669594,0.015420118967692057
102,0.13869190216064453,0.19301644961039224,0.24137584368387857,0.0008419354756673177,0.06301204363505046,0.001072247823079427,0.06371649106343587
103,0.0010360081990559895,0.01728963851928711,0.004182895024617513,0.00045720736185709637,1.320104996363322,0.0005307992299397787,0.0007181962331136068
104,0.1555311679840088,0.019489606221516926,0.09391069412231445,0.03962294260660807,0.11339084307352702,0.01760403315226237,0.09401210149129231
105,0.009197235107421875,0.19324564933776855,0.010934988657633463,0.027631441752115887,0.007550875345865886,0.03412214914957682,0.007786194483439128
106,0.0006899038950602213,0.02991374333699544,0.0064974625905354815,0.03739293416341146,0.008942763010660807,0.05254896481831869,0.006692171096801758
107,0.00042446454366048175,0.16984820365905762,0.00044806798299153644,0.0039942264556884766,0.0007945696512858073,0.0043566226959228516,0.0009278456370035807
108,0.00032512346903483075,0.07744415601094563,0.0004325707753499349,0.0034336249033610025,0.0007598400115966797,0.004116932551066081,0.000816504160563151
109,0.15820026397705078,0.16753737131754556,0.25287588437398273,0.037866671880086265,0.11273535092671712,0.05096117655436198,0.12465778986612956
110,0.007335980733235677,0.18950645128885904,0.008746147155761719,0.03911145528157552,0.012426614761352539,0.05713152885437012,0.012702703475952148
111,0.023848454157511394,0.1952021916707357,0.03015025456746419,0.0005443096160888672,0.005467971165974935,0.0005160172780354818,0.005523284276326497
112,0.031968275705973305,0.05631462732950846,0.039223432540893555,0.0010275840759277344,0.008226950963338217,0.0012609163920084636,0.008263587951660156
113,0.022258917490641277,0.011184136072794596,0.008299986521402994,0.0005127588907877604,0.004756848017374675,0.0025377273559570312,0.004774411519368489
114,0.07057412465413411,0.03196835517883301,0.048421382904052734,0.0004944801330566406,0.0250243345896403,0.0006299813588460287,0.02497545878092448
115,0.15490309397379556,0.16766357421875,0.2491000493367513,0.016283353169759113,0.09036620457967122,0.019684394200642902,0.09317819277445476
116,0.0010016759236653645,0.19392681121826172,0.0013362566630045574,0.0010703404744466145,0.0005958080291748047,0.0012332598368326824,0.0007193883260091146
117,0.00131988525390625,0.06617005666097005,0.0014071464538574219,0.03550386428833008,0.008765061696370443,0.047113259633382164,0.009074529012044271
118,0.019961754480997723,0.029820362726847332,0.015218814214070639,0.09787487983703613,0.02218778928120931,0.03124698003133138,0.015547355016072592
119,0.08510231971740723,0.17874900499979654,0.12901711463928223,0.00044878323872884113,0.031051238377888996,0.0005842844645182291,0.031198660532633465
120,0.05896464983622233,0.04365706443786621,0.04613375663757324,0.008974472681681315,0.02507940928141276,0.01527841885884603,0.025092681248982746
121,0.04159410794576009,0.1784942944844564,0.057689269383748375,0.00296934445699056,0.01333459218343099,0.0034589767456054688,0.013478914896647135
122,0.0006875197092692057,0.019561370213826496,0.0046308040618896484,0.06221469243367513,0.0008118947347005209,0.028764963150024414,0.004824082056681315
123,0.0003803571065266927,0.02944803237915039,0.007783333460489909,0.008709351221720377,0.001436471939086914,0.01001898447672526,0.0014293988545735676
124,0.05478588740030924,0.0026546319325764975,0.019027233123779297,0.0009544690450032552,0.0174863338470459,0.000869592030843099,0.01749873161315918
125,0.0005657672882080078,0.18680818875630698,0.0007304350535074869,0.002397457758585612,0.000675042470296224,0.0028394858042399087,0.0007330576578776041
126,0.15572706858317056,0.008013010025024414,0.08322493235270183,0.09529320398966472,0.18065953254699707,0.00889913241068522,0.08289059003194173
127,0.13067452112833658,0.023430903752644856,0.08082874615987141,0.11216974258422852,0.16375835736592612,0.025556484858194988,0.08274054527282715
128,0.0005642573038736979,0.19080567359924316,0.0007290840148925781,0.03875279426574707,0.00928950309753418,0.055437167485555015,0.009371598561604818
129,0.01883697509765625,0.01750357945760091,0.009920914967854818,0.0006359418233235677,0.004029194513956706,0.004449288050333659,0.0040709177652994795
130,0.0012244383494059246,0.052153984705607094,0.0014731884002685547,0.11846129099527995,0.0013786156972249348,0.06031036376953125,0.0015761057535807292
131,0.0004283587137858073,0.19257656733194986,0.0005554358164469401,0.06796407699584961,0.0005962848663330078,0.10781248410542806,0.0006518363952636719
132,0.15474112828572592,0.08274364471435547,0.23202180862426758,0.004987160364786784,0.08012914657592773,0.0053106943766276045,0.08033347129821777
133,0.019010066986083984,0.19298624992370605,0.02277970314025879,0.0007000764211018881,0.003968159357706706,0.0007608731587727865,0.003843228022257487
134,0.13423371315002441,0.01478425661722819,0.07353393236796062,0.0009138584136962891,0.06573740641276042,0.003564596176147461,0.0603177547454834
135,0.0009585221608479818,0.19311022758483887,0.0012176831563313801,0.03853487968444824,0.0096588134765625,0.05613915125528971,0.011200666427612305
136,0.15359226862589517,0.025693655014038086,0.09912872314453125,0.02226845423380534,0.09849087397257487,0.0135347048441569,0.09765863418579102
137,0.15417011578877768,0.03026882807413737,0.104491392771403,0.0003743171691894531,0.07251890500386556,0.0004737377166748047,0.07255283991495769
138,0.00033402442932128906,0.03189937273661295,0.0005686283111572266,0.0008711020151774088,0.0004653135935465495,0.001121838887532552,0.0005797545115152994
139,0.00041548411051432293,0.025759140650431316,0.007289886474609375,0.0016919771830240886,0.0007566610972086588,0.007386128107706706,0.0007202625274658203
140,0.15065757433573404,0.04680474599202474,0.22879481315612793,0.009695688883463541,0.08103569348653157,0.01954809824625651,0.08232649167378743
141,0.15483776728312174,0.19294818242390951,0.27501463890075684,0.0006945927937825521,0.0725262959798177,0.0008218288421630859,0.07315945625305176
142,0.12344614664713542,0.1909794012705485,0.20516061782836914,0.0005350907643636068,0.05263288815816244,0.00058746337890625,0.05207928021748861
143,0.03469038009643555,0.027751048405965168,0.021069049835205078,0.0168454647064209,0.014634291330973307,0.012055317560831705,0.014717499415079752
144,0.15575742721557617,0.19397735595703125,0.29074732462565106,0.0026000340779622397,0.0769647757212321,0.003727992375691732,0.0782925287882487
145,0.14654302597045898,0.1925168832143148,0.26066311200459796,0.002711772918701172,0.07184871037801106,0.0031800270080566406,0.07331689198811848
146,0.0010222593943277996,0.02144614855448405,0.005619446436564128,0.0005109310150146484,0.0006819566090901693,0.0005498727162679037,0.0006838639577229818
147,0.0008711814880371094,0.07943320274353027,0.0010441144307454426,0.026985724767049152,0.005590756734212239,0.03441683451334635,0.005653778711954753
148,0.15416987737019858,0.02460201581319173,0.09847728411356609,0.03941051165262858,0.17218915621439615,0.021020174026489258,0.0993807315826416
149,0.0005404949188232422,0.08381819725036621,0.0006963411966959635,0.011806249618530273,0.0021608670552571616,0.015458424886067709,0.0020195643107096353
150,0.15418036778767905,0.04645721117655436,0.21357059478759766,0.028084595998128254,0.10193602244059245,0.030186017354329426,0.10565272967020671
151,0.03180082639058431,0.013489882151285807,0.013285080591837565,0.041342735290527344,0.03244821230570475,0.015983104705810547,0.01347812016805013
152,0.0632484753926595,0.1910405158996582,0.09476462999979655,0.0008509159088134766,0.021512746810913086,0.0010333855946858723,0.02120820681254069
153,0.010315815607706705,0.028995513916015625,0.01189883550008138,0.0004508495330810547,0.0021918614705403647,0.0005919138590494791,0.0022986729939778647
154,0.0012045701344807942,0.03977394104003906,0.013778607050577799,0.004194895426432292,0.0011504491170247395,0.014919201532999674,0.001192331314086914
155,0.12949895858764648,0.07913001378377278,0.20016098022460938,0.039677699406941734,0.09619180361429851,0.05300641059875488,0.10299412409464519
156,0.00041675567626953125,0.0172122319539388,0.00399629275004069,0.03889171282450358,0.009183724721272787,0.0160830815633138,0.003944873809814453
157,0.0012442270914713542,0.17577544848124185,0.0015303293863932292,0.10834399859110515,0.0014275709788004558,0.17793925603230795,0.0016188621520996094
158,0.15547355016072592,0.19369117418924967,0.27757708231608075,0.03795162836710612,0.11226081848144531,25.30762489636739,0.12911701202392578
159,0.0007529258728027344,0.02365597089131673,0.006119887034098308,0.0006020069122314453,0.00046507517496744793,0.005921284357706706,0.0006844202677408854
160,0.017989158630371094,0.03412342071533203,0.36129101117451984,0.00039068857828776043,0.003585656483968099,0.0005086263020833334,0.0036006768544514975
161,0.15714486440022787,0.0021315415700276694,0.07707842191060384,0.000455776850382487,0.07405988375345866,0.0006931622823079427,0.07432889938354492
162,0.15592360496520996,0.0017394224802652996,0.0759577751159668,0.01862637201944987,0.09365359942118327,0.0036379496256510415,0.07713651657104492
163,0.06324108441670735,0.16315468152364096,0.0873870849609375,0.0008787314097086588,0.0216366449991862,0.0009622573852539062,0.021645387013753254
164,0.0004805723826090495,0.04204289118448893,0.01437981923421224,0.025259971618652344,0.004761219024658203,0.024348735809326172,0.004676421483357747
165,0.000568548838297526,0.19299554824829102,0.0006579558054606119,0.0005523363749186198,0.0005501906077067057,0.0007328192392985026,0.0009078184763590494
166,0.0014067490895589192,0.16769909858703613,0.0016085306803385417,0.012606143951416016,0.0023413499196370444,0.014770746231079102,0.002359151840209961
167,0.15555230776468912,0.02075990041097005,0.0947111447652181,0.0016659895579020183,0.07391977310180664,0.04787580172220866,0.07383489608764648
168,0.0008714199066162109,0.017654021581013996,0.004159688949584961,0.010942935943603516,0.0018817583719889324,0.006365458170572917,0.0019283294677734375
169,8.852452754974365,0.024210214614868164,0.09629583358764648,0.011750618616739908,0.08243060111999512,0.009235858917236328,0.08423574765523274
170,0.008249759674072266,0.00904703140258789,0.0036106109619140625,0.09588996569315593,0.008574326833089193,0.009590466817220053,0.0034429232279459634
171,0.020582199096679688,0.1898794174194336,0.0274807612101237,0.004999558130900065,0.005954424540201823,0.005856434504191081,0.00619808832804362
172,0.050403992335001625,0.17680915196736655,0.07038346926371257,0.0013486544291178386,0.015383561452229818,0.0015324751536051433,0.015517155329386393
173,0.0012079874674479167,0.18657318751017252,0.001478115717569987,0.0027968883514404297,0.0011264483133951824,0.003079652786254883,0.001081228256225586
174,0.12139137585957845,0.028241078058878582,0.07895716031392415,0.00039776166280110675,0.051981608072916664,0.0004707177480061849,0.05240551630655924
175,0.14561216036478677,0.07501800855000813,0.2316742738087972,0.10159214337666829,0.17370120684305826,0.08529210090637207,0.21032174428304037
176,0.0005064010620117188,0.17321292559305826,0.0005904833475748698,0.040251572926839195,0.0006074110666910807,0.05601803461710612,0.0006912549336751302
177,0.0004814465840657552,0.19271334012349448,0.0006318887074788412,0.0005261103312174479,0.00047334035237630207,0.0005592505137125651,0.0005896091461181641
178,0.15332301457722983,0.19124245643615723,0.2725173632303874,0.0008883476257324219,0.07323344548543294,0.0009620189666748047,0.07304493586222331
179,0.0036323865254720054,0.012300650278727213,0.003642479578653971,0.003577709197998047,0.0015014807383219402,0.0033666292826334634,0.0016388098398844402
180,0.010925372441609701,0.19119048118591309,0.014000972112019857,0.029564539591471355,0.009954611460367838,0.040539820988972984,0.012600580851236979
181,0.036649068196614586,0.04257980982462565,0.03345052401224772,0.0012574195861816406,0.01023244857788086,0.015360275904337565,0.010106801986694336
182,0.0051575501759847,0.1845409075419108,0.006294091542561849,0.0005489985148111979,0.001360019048055013,0.0007188320159912109,0.0014676253000895183
183,0.15466928482055664,0.18952250480651855,0.2748510042826335,0.0029834111531575522,0.07759634653727214,0.0033477147420247397,0.07837367057800293
184,0.007793982823689778,0.04204257329305013,0.008913834889729818,0.027629852294921875,0.007758378982543945,0.02637322743733724,0.007901350657145182
185,0.0020057360331217446,0.002624670664469401,0.0011320114135742188,0.010873635609944662,0.0021925767262776694,0.0020523866017659507,0.0012323061625162761
186,0.1495699087778727,0.18198863665262857,0.2539004484812419,0.027973095575968426,0.0967417558034261,0.03566884994506836,0.10486213366190593
187,0.0002856254577636719,0.02159706751505534,0.0057485103607177734,0.007634321848551433,0.0011633237202962239,0.007343610127766927,0.0012501080830891926
188,0.15445582071940103,0.011651198069254557,0.08480517069498698,0.061789512634277344,0.16977572441101074,0.024032433827718098,0.08576162656148274
189,0.1449888547261556,0.02104504903157552,0.08723799387613933,0.009205818176269531,0.08013757069905598,0.007322072982788086,0.0766741434733073
190,0.03559414545694987,0.022501627604166668,0.01850295066833496,0.0005192756652832031,0.009392340977986654,0.0005598068237304688,0.009492079416910807
191,0.10524686177571614,0.017274936040242512,0.0557246208190918,0.002118349075317383,0.043974717458089195,0.004157702128092448,0.0443723201751709
192,0.15415477752685547,0.020148595174153645,0.09351444244384766,0.0013576348622639973,0.07425721486409505,0.004925330479939778,0.07345445950826009
193,0.005282878875732422,0.016162554423014324,0.005156755447387695,0.00042756398518880207,0.0011165936787923176,0.0005413691202799479,0.0011382897694905598
194,0.1498406728108724,0.03704174359639486,0.10723114013671875,0.058805624643961586,0.17009425163269043,0.03924965858459473,0.1103655497233073
195,0.0010381539662679036,0.050822178522745766,0.0010985533396402996,0.0005873839060465494,0.000534216562906901,0.0006866455078125,0.0006334781646728516
196,0.026800870895385742,0.19008342425028482,0.0343780517578125,0.0004936059315999349,0.0061528682708740234,0.0005871454874674479,0.006013234456380208
197,0.043442726135253906,0.18665703137715658,0.06013647715250651,0.00047588348388671875,0.012347221374511719,0.0006113847096761068,0.012436548868815104
198,0.006066640218098958,0.044467767079671226,0.006928602854410808,0.018691460291544598,0.004647890726725261,0.023138920466105144,0.0046702226003011065
199,0.15494863192240396,0.029273112614949543,0.10365049044291179,0.018419822057088215,0.09301026662190755,0.01337734858194987,0.09620285034179688
200,0.002817948659261068,0.1925054391225179,0.002977450688680013,0.0004723072052001953,0.0009923775990804036,0.0005730787913004557,0.0009971459706624348
201,0.1542938550313314,0.19219485918680826,0.2734254201253255,0.09873509407043457,0.1838101545969645,0.15239373842875162,0.23650153477986655
202,0.0040302276611328125,0.1923979123433431,0.004804372787475586,0.0007741451263427734,0.0010139147440592449,0.0010109742482503254,0.0011723041534423828
203,0.14498480161031088,0.0005764166514078776,0.06662527720133464,0.09578720728556316,0.16904346148173013,0.0005813439687093099,0.06765500704447429
204,0.07822306950887044,0.022428274154663086,0.04466827710469564,0.0004889170328776041,0.027706225713094074,0.0006796518961588541,0.027881304423014324
205,0.018801291783650715,0.1929647127787272,0.023153225580851238,0.003461758295694987,0.005476315816243489,0.00485690434773763,0.005643526713053386
206,0.008894920349121094,0.012023687362670898,0.00846552848815918,0.0005091826121012369,0.0014400482177734375,0.0024375120798746743,0.0015845298767089844
207,0.021578152974446613,0.02336295445760091,0.012030522028605143,0.0007654031117757162,0.004534085591634114,0.005356232325236003,0.004766066869099935
208,0.021533966064453125,0.1866448720296224,0.02637640635172526,0.05882596969604492,0.023023287455240887,0.0889572302500407,0.024120330810546875
209,0.03074471155802409,0.0014975865681966145,0.00752719243367513,0.015359799067179361,0.011657476425170898,0.0025811990102132163,0.007695992787679036
210,0.14315112431844076,0.18816216786702475,0.247790257136027,0.0021663506825764975,0.06725200017293294,0.0023711522420247397,0.06827958424886067
211,0.0007376670837402344,0.0496520201365153,0.000824133555094401,0.060016473134358726,0.0008051395416259766,0.054613351821899414,0.0008168220520019531
212,0.006149450937906901,0.19267638524373373,0.0071039994557698565,0.07387669881184895,0.00685874621073405,0.11736218134562175,0.00733184814453125
213,0.07640759150187175,0.044586499532063804,0.10476390520731609,0.058811585108439125,0.08484299977620442,0.04812304178873698,0.0907885233561198
214,0.0005966822306315104,0.17824331919352213,0.0007268587748209635,0.05948082605997721,0.000671227773030599,0.08956948916117351,0.0007638931274414062
215,0.1509681542714437,0.16777920722961426,0.24373396237691244,0.018674850463867188,0.08972771962483723,0.021772146224975586,0.092529296875
216,0.00035826365152994793,0.1933762232462565,0.0003998279571533203,0.0017472108205159504,0.0005995432535807291,0.0021739800771077475,0.0007809797922770182
217,0.1274394989013672,0.19210219383239746,0.21601653099060059,0.0132597287495931,0.06770507494608562,0.015989383061726887,0.06937575340270996
218,0.15419419606526694,0.19009200731913248,0.27187466621398926,0.0005805492401123047,0.07310016949971516,0.000602881113688151,0.07330854733784993
219,0.0009655952453613281,0.029524485270182293,0.008339484532674154,0.0004698435465494792,0.0006054242451985677,0.0005500316619873047,0.0005489985148111979
220,0.1557025909423828,0.1907940705617269,0.2755719820658366,0.04773632685343424,0.1647202968597412,0.07083614667256673,0.1848446528116862
221,0.08199508984883626,0.18745962778727213,0.12625360488891602,0.014640172322591146,0.03914785385131836,0.017047325770060223,0.04087368647257487
222,0.018222570419311523,0.19302860895792642,0.02354256312052409,0.008106867472330729,0.0065076351165771484,0.010382970174153646,0.006392876307169597
223,0.0006146430969238281,0.03629819552103678,0.011371930440266928,0.0005042552947998047,0.0004810492197672526,0.0005437533060709635,0.0006759961446126302
224,0.005762656529744466,0.1931915283203125,0.006687005360921224,0.0004962285359700521,0.1407658259073893,0.0005537668863932291,0.0013037522633870442
225,0.010392506917317709,0.1922027269999186,0.013075590133666992,0.004323005676269531,0.0030357837677001953,0.004629294077555339,0.0032224655151367188
226,0.1553961435953776,0.19223745663960776,0.27747805913289386,0.0008933544158935547,0.07405606905619304,0.001017173131306966,0.07439637184143066
227,0.15547839800516763,0.032381693522135414,0.10688583056131999,0.01956963539123535,0.0938270886739095,0.015161434809366861,0.09610581398010254
228,0.000518957773844401,0.07387351989746094,0.0006204446156819662,0.0003742376963297526,0.0005204677581787109,0.0004516442616780599,0.0006462732950846354
229,0.0008262793223063151,0.19109121958414713,0.0009232362111409506,0.004396756490071614,0.0009934107462565105,0.005068381627400716,0.000987688700358073
230,0.10740152994791667,0.18860816955566406,0.17384028434753418,0.014235893885294596,0.0550077756245931,0.01682130495707194,0.05734999974568685
231,0.0038935343424479165,0.19251187642415366,0.004245917002360026,0.0004528363545735677,0.0009992917378743489,0.0006554126739501953,0.0010831356048583984
232,0.14373413721720377,0.013616641362508139,0.0800325075785319,0.00027624766031901043,0.06614518165588379,0.00039768218994140625,0.06731883684794109
233,0.13506285349527994,0.07174571355183919,0.2121572494506836,0.09872945149739583,0.15877159436543783,0.08133538564046223,0.19195842742919922
234,0.15613849957784018,0.02242430051167806,0.097808837890625,0.05952763557434082,0.17739423116048178,0.023317972819010418,0.1003247896830241
235,0.15085736910502115,0.18893138567606607,0.26460973421732586,0.03183913230895996,0.10232249895731609,0.04187512397766113,0.11224786440531413
236,0.00034228960673014325,0.18993377685546875,0.0004990100860595703,0.01233220100402832,0.0005032221476236979,0.01419226328531901,0.0005385080973307291
237,0.0007234414418538412,0.19324461619059244,0.0008976459503173828,0.040461460749308266,0.0009208520253499349,0.05908497174580892,0.0007870992024739584
238,0.0012021859486897786,0.056417624155680336,0.0014415582021077473,0.0004127025604248047,0.0006806850433349609,0.0005573431650797526,0.0006593068440755209
239,0.05237929026285807,0.04626878102620443,0.06937011082967122,0.020094950993855793,0.02560742696126302,0.023857831954956055,0.025981028874715168
240,0.15380342801411948,0.1914397875467936,0.2715449333190918,0.01782393455505371,0.09281881650288899,0.02299960454305013,0.09747918446858723
241,0.1533946990966797,0.19383867581685385,0.273906151453654,0.03040933609008789,0.10419019063313802,0.04181075096130371,0.1153414249420166
242,0.0010419686635335286,0.02344234784444173,0.005767981211344401,0.026695807774861652,0.005177100499471028,0.013546387354532877,0.005975166956583659
243,0.02460789680480957,0.18867031733194986,0.03073906898498535,0.0006520748138427734,0.0054407914479573565,0.0007456143697102865,0.00533294677734375
244,0.04118482271830241,0.19332011540730795,0.05841747919718424,0.012414375940958658,0.016980648040771484,0.015489896138509115,0.017392794291178387
245,0.0006252924601236979,0.045146942138671875,0.0006671746571858724,0.0005503495534261068,0.0005137125651041666,0.0007936954498291016,0.0005358854929606119
246,0.00833733876546224,0.1893941561381022,0.01010457674662272,0.0006869633992513021,0.0017470518747965496,0.0007955233256022135,0.0018021265665690105
247,0.01574254035949707,0.03015001614888509,0.013190984725952148,0.05712413787841797,0.016733884811401367,0.031124353408813477,0.013542731602986654
248,0.009464661280314127,0.02267630894978841,0.0079347292582194,0.02824266751607259,0.0089720090230306,0.014044920603434244,0.00799409548441569
249,0.0019257863362630208,0.19340062141418457,0.0023343563079833984,0.09268101056416829,0.0019501050313313801,0.1354048252105713,0.0021192232767740884
250,0.02065126101175944,0.029835303624471027,0.015540281931559244,0.09698398907979329,0.022467613220214844,0.031938393910725914,0.015860795974731445
251,0.007704734802246094,0.18953386942545572,0.009023427963256836,0.00047357877095540363,0.0016208489735921223,0.000549475351969401,0.0016840298970540364
252,0.15361881256103516,0.011784076690673828,0.08513069152832031,0.1177067756652832,0.20213659604390463,0.01206827163696289,0.08669511477152507
253,0.07049369812011719,0.05171449979146322,0.09760427474975586,0.0004020531972249349,0.024795929590861004,0.0005136330922444662,0.02467648188273112
254,0.1561917463938395,0.021175066630045574,0.09628812472025554,0.0010831356048583984,0.07364670435587566,0.005008379618326823,0.07514834403991699
255,0.0003724098205566406,0.038504838943481445,0.01232608159383138,0.002522627512613932,0.0006192525227864584,0.013336102167765299,0.0007646083831787109
256,0.0008273124694824219,0.19246880213419595,0.000982840855916341,0.009706258773803711,0.0017299652099609375,0.012573003768920898,0.001851797103881836
257,0.006779591242472331,0.06641085942586263,0.00714564323425293,0.0017500718434651692,0.0015312830607096355,0.0019351641337076824,0.0017067591349283855
258,0.011743386586507162,0.19418255488077799,0.017786661783854168,0.02829130490620931,0.008996804555257162,0.03629859288533529,0.00917657216389974
259,0.0007123947143554688,0.02630337079366048,0.006892681121826172,0.0004222393035888672,0.000610510508219401,0.0005936622619628906,0.0006295045216878256
260,0.006870428721110026,0.025329748789469402,0.008625348409016928,0.0004849433898925781,0.0015482107798258464,0.0006039142608642578,0.0017055670420328777
261,0.0015576680501302083,0.06970032056172688,0.0019170443216959636,0.00723568598429362,0.001479784647623698,0.032739480336507164,0.0016462008158365886
262,0.15674312909444174,0.005266984303792317,0.07934657732645671,0.01674787203470866,0.09256259600321452,0.004244327545166016,0.08075650533040364
263,0.15575551986694336,0.0349123477935791,0.10952099164326985,0.10278828938802083,0.18955349922180176,0.039187113444010414,0.11292235056559245
264,0.001661062240600586,0.19050971666971842,0.0019223690032958984,0.027636210123697918,0.0057459672292073565,0.03492999076843262,0.005875587463378906
265,0.0004545847574869792,0.1895622412363688,0.0004772345225016276,0.0005717277526855469,0.0005284945170084635,0.0008180936177571615,0.0005121231079101562
266,0.14960678418477377,0.19303679466247559,0.2655677795410156,0.008353710174560547,0.09096686045328777,0.010282278060913086,0.0806139310201009
267,0.0007927417755126953,0.1753084659576416,0.0008223056793212891,0.11780921618143718,0.0009312629699707031,0.20686785380045572,0.001001119613647461
268,0.02428118387858073,0.19107834498087564,0.02980486551920573,0.00046483675638834637,0.00524751345316569,0.0006512006123860677,0.0054005781809488935
269,0.15337101618448892,0.1925381819407145,0.2748830318450928,0.0003815491994222005,0.0733487606048584,0.000375827153523763,0.07291062672932942
270,0.05813264846801758,0.0431827704111735,0.07894364992777507,0.0005092620849609375,0.019103288650512695,0.000583648681640625,0.01871212323506673
271,0.15580248832702637,0.1887221336364746,0.27276937166849774,0.0022303263346354165,0.07553426424662273,0.0025955835978190103,0.07640711466471355
272,0.08954993883768718,0.0221103032430013,0.04990156491597494,0.04009850819905599,0.0633249282836914,0.019245465596516926,0.04979705810546875
273,0.0014465649922688801,0.19259397188822427,0.0019397735595703125,0.01946409543355306,0.0034175713857014975,0.023712555567423504,0.003833134969075521
274,0.002057234446207682,0.19160103797912598,0.0021784305572509766,0.0004792213439941406,0.0008464654286702474,0.0006035168965657552,0.0009201367696126302
275,0.00036533673604329425,0.06642548243204753,0.0003922780354817708,0.02453311284383138,0.004845142364501953,0.030477444330851238,0.00494845708211263
276,0.13319031397501627,0.19381117820739746,0.22803409894307455,0.09721652666727702,0.15543524424235025,0.1523293654123942,0.1975132624308268
277,0.0009760061899820963,0.1922454833984375,0.001253207524617513,0.0045318603515625,0.001000801722208659,0.005265474319458008,0.0010428428649902344
278,0.024134159088134766,0.0005100568135579427,0.005250453948974609,0.03922557830810547,0.019337813059488933,0.0005861918131510416,0.0052869319915771484
279,0.15161840120951334,0.0023953119913736978,0.07266585032145183,0.00041826566060384113,0.0704655647277832,0.0006817181905110677,0.07054821650187175
280,0.005574544270833333,0.19298728307088217,0.006784915924072266,0.0006895065307617188,0.0014572938283284504,0.0007685820261637369,0.0013904571533203125
281,0.15560452143351236,0.1918316682179769,0.2766861915588379,0.09524806340535481,0.18219168980916342,0.14761010805765787,0.23211097717285156
282,0.05113697052001953,0.18102828661600748,0.07278641064961751,0.0005432764689127604,0.016195376714070637,0.0006030400594075521,0.016012112299601238
283,0.0005703767140706381,0.04876478513081869,0.0006179014841715494,0.03828112284342448,0.009404897689819336,0.050738255182902016,0.009439309438069662
284,0.013305902481079102,0.19214765230814615,0.0157470703125,0.0008570353190104166,0.0028491814931233725,0.0010902881622314453,0.0027418931325276694
285,0.12305394808451335,0.002993504206339518,0.054439703623453774,0.018345197041829426,0.06794778505961101,0.0037064552307128906,0.05473121007283529
286,0.0007263024648030599,0.18984452883402506,0.0009553432464599609,0.001079877217610677,0.0006468296051025391,0.001195828119913737,0.0007526079813639323
287,0.0006949901580810547,0.19326345125834146,0.0007732709248860677,0.00033171971638997394,0.00044767061869303387,0.0005362033843994141,0.0005734761555989584
288,0.0014565785725911458,0.03695782025655111,0.012065490086873373,0.0031742254892985025,0.001031955083211263,0.012025912602742514,0.0012085437774658203
289,0.0006479422251383463,0.19224794705708823,0.0008308092753092448,0.0007754166920979818,0.0004382928212483724,0.0008633931477864584,0.0007106463114420573
290,0.11978904406229655,0.19296558698018393,0.20003700256347656,0.0004211266835530599,0.050274292627970375,0.0005955696105957031,0.05061912536621094
291,0.01572585105895996,0.0582419236501058,0.017272392908732098,0.0003879865010579427,0.002941290537516276,0.0004334449768066406,0.0031357606252034507
292,0.0005421638488769531,0.19411826133728027,0.0005369186401367188,0.0006044705708821615,0.0005434354146321615,0.0006689230600992838,0.0005783240000406901
293,0.000553290049235026,0.025295337041219074,0.006281932195027669,0.0063237349192301435,0.001223166783650716,0.007604122161865234,0.0013464291890462239
294,0.001447598139444987,0.19341524442036948,0.0016783873240152996,0.012453238169352213,0.002166589101155599,0.014663378397623697,0.002288977305094401
295,0.1555185317993164,0.19063289960225424,0.27633825937906903,0.0029813448588053384,0.0775288740793864,0.0029799938201904297,0.07810139656066895
296,0.010308027267456055,0.1908414363861084,0.0117338498433431,0.004120429356892903,0.002795696258544922,0.00484458605448405,0.0029288927714029946
297,0.08024175961812337,0.18855023384094238,0.12497703234354655,0.06832520167032878,0.08731404940287273,0.10850858688354492,0.10123809178670247
298,0.019641319910685223,0.0009129842122395834,0.004229545593261719,0.0022176901499430337,0.005074818929036458,0.0005927085876464844,0.004276116689046224
299,0.08647545178731282,0.1937086582183838,0.1344303290049235,0.030014435450236004,0.05344796180725098,0.04032595952351888,0.05735286076863607
300,0.00048224131266276043,0.03647240002950033,0.01149137814839681,0.050798257191975914,0.0005382696787516276,0.03745261828104655,0.011479457219441732
301,0.13448651631673178,0.0379484494527181,0.09786168734232585,0.016385316848754883,0.07595682144165039,0.017415364583333332,0.07741220792134602
302,0.15674567222595215,0.0481413205464681,0.21365118026733398,0.039194345474243164,0.11202343304951985,0.047257026036580406,0.12128019332885742
303,0.0061800479888916016,0.19185725847880045,0.0066670576731363935,0.11325558026631673,0.006175676981608073,0.20035552978515625,0.007178783416748047
304,0.154864231745402,0.02668420473734538,0.10210259755452473,0.05830486615498861,0.17412964502970377,0.027788877487182617,0.1028897762298584
305,0.00041302045186360675,0.18848435084025064,0.00042708714803059894,0.01336375872294108,0.0022073586781819663,0.015564362208048502,0.0021324952443440757
306,0.024410406748453777,0.04187504450480143,0.021637678146362305,0.004781564076741536,0.007467428843180339,0.012516975402832031,0.007413466771443685
307,0.0049860477447509766,0.1852430502573649,0.00557398796081543,0.0004535516103108724,0.001142740249633789,0.0005402565002441406,0.0013470649719238281
308,0.006443103154500325,0.19112586975097656,0.007467985153198242,0.004390160242716472,0.0022220611572265625,0.005383888880411784,0.0022830963134765625
309,0.0016825199127197266,0.19218182563781738,0.001638968785603841,0.026880661646525066,0.006035725275675456,0.037125031153361,0.006234884262084961
310,0.0007216135660807291,0.19174846013387045,0.0008960564931233724,0.05741246541341146,0.0009475549062093099,0.08675781885782878,0.0009478727976481119
311,0.12611023585001627,0.19238932927449545,0.21176719665527344,0.016672611236572266,0.06901693344116211,0.022272348403930664,0.07116580009460449
312,0.1555029551188151,0.19436915715535483,0.2765071392059326,0.0016712347666422527,0.07375979423522949,0.0004951953887939453,0.07413903872172038
313,0.005231539408365886,0.056126674016316734,0.005300203959147136,0.005732297897338867,0.001949310302734375,0.02327140172322591,0.0020809173583984375
314,0.00584260622660319,0.020440419514973957,0.006706555684407552,0.00505836804707845,0.0022628307342529297,0.005997578303019206,0.002191940943400065
315,0.0013807614644368489,0.18186084429423013,0.0016837914784749348,0.0010000864664713542,0.0006986459096272787,0.0009700457255045573,0.0008408228556315104
316,0.005841175715128581,0.19303743044535318,0.006562709808349609,0.0004096825917561849,0.001413265864054362,0.00051116943359375,0.0013649463653564453
317,0.0005412896474202474,0.01485141118367513,0.003488938013712565,0.0004578431447347005,0.0004208882649739583,0.0005556742350260416,0.0005040963490804037
318,0.016530752182006836,0.19290844599405924,0.01941982905069987,0.02734963099161784,0.010666211446126303,0.03671550750732422,0.010892709096272787
319,0.030416409174601238,0.02298577626546224,0.016822973887125652,0.03728048006693522,0.022639751434326172,0.01879127820332845,0.016907453536987305
320,0.0008471012115478516,0.020263830820719402,0.005001227060953776,0.01793638865152995,0.0031865437825520835,0.009239276250203451,0.0033225218454996743
321,0.15545312563578287,0.17345253626505533,0.2577375570933024,0.004072268803914388,0.07892767588297527,0.005024035771687825,0.07980060577392578
322,0.04752397537231445,0.07921926180521648,0.06323019663492839,0.0005329449971516927,0.013831059137980143,0.0007061163584391276,0.014350096384684244
323,0.0008568763732910156,0.006630897521972656,0.0014614264170328777,0.01929442087809245,0.003277460734049479,0.004826545715332031,0.0016372998555501301
324,0.12907934188842773,0.038005987803141274,0.09343989690144856,0.008805513381958008,0.06415112813313802,0.014679431915283203,0.06504384676615398
325,0.006862958272298177,0.19307216008504233,0.009355783462524414,0.014985879262288412,0.004159450531005859,0.017649014790852863,0.004370530446370442
326,0.0004287560780843099,0.1900819937388102,0.0004707177480061849,0.018344640731811523,0.002846399943033854,0.021689891815185547,0.0029533704121907554
327,0.0005922317504882812,0.027983665466308594,0.00822146733601888,0.034694512685139976,0.007967392603556315,0.020778576532999676,0.008229414621988932
328,0.020985762278238933,0.193098783493042,0.026878754297892254,0.008631229400634766,0.00702365239461263,0.010899782180786133,0.007154703140258789
329,0.1553346316019694,0.1923048496246338,0.27453064918518066,0.00508880615234375,0.0793904463450114,0.006312370300292969,0.0819707711537679
330,0.0009338855743408203,0.1929625670115153,0.0005575021107991537,0.0017682711283365886,0.0005606810251871744,0.0020189285278320312,0.0005915959676106771
331,0.0007442633310953776,0.19302678108215332,0.0008787314097086588,0.01397236188252767,0.0026068687438964844,0.018106540044148762,0.002542257308959961
332,0.0012454986572265625,0.1930856704711914,0.0017455418904622395,0.05955147743225098,0.0015749931335449219,0.09326513608296712,0.0016312599182128906
333,0.1547683080037435,0.19269021352132162,0.27397910753885907,0.06722068786621094,0.1719989776611328,0.1073593298594157,0.2051983674367269
334,0.04835391044616699,0.04872401555379232,0.06338127454121907,0.004107872645060222,0.016706148783365887,0.0193326473236084,0.017052253087361652
335,0.02145695686340332,0.17700115839640299,0.026221434275309246,0.0010946591695149739,0.004708925882975261,0.0012636979420979817,0.0045939286549886065
336,0.000850677490234375,0.08080132802327473,0.0025293827056884766,0.058884223302205406,0.0008563995361328125,0.08316755294799805,0.0010328292846679688
337,0.15398788452148438,0.013183991114298502,0.08707197507222493,0.0029780069986979165,0.07784732182820638,0.003308852513631185,0.07778278986612956
338,0.15562264124552408,0.03328967094421387,0.10739445686340332,0.0008991559346516927,0.07462231318155925,0.0010341803232828777,0.0743108590443929
339,0.09193833669026692,0.08920892079671223,0.13191541035970053,0.0005134741465250651,0.0348353385925293,0.000537872314453125,0.035147905349731445
340,0.0004382133483886719,0.006989796956380208,0.001596371332804362,0.038260857264200844,0.009260098139444986,0.011561711629231771,0.0016027291615804036
341,0.0004653135935465495,0.19112920761108398,0.0006057421366373698,0.001253366470336914,0.0005860328674316406,0.0008292992909749349,0.04299211502075195
342,0.021101713180541992,0.18624957402547201,0.02638840675354004,0.0008690357208251953,0.004794120788574219,0.0009555021921793619,0.0045659542083740234
343,0.06265592575073242,0.015753904978434246,0.02827008565266927,0.01920636494954427,0.030379692713419598,0.0080720583597819,0.02788988749186198
344,0.015746116638183594,0.05986801783243815,0.017325878143310547,0.0010522206624348958,0.0033773581186930337,0.0011192957560221355,0.003204822540283203
345,0.15547513961791992,0.1910102367401123,0.2752625147501628,0.05926807721455892,0.17873120307922363,0.09213749567667644,0.20660003026326498
346,0.15402944882710776,0.008418639500935873,0.0827180544535319,0.025336186091105144,0.0990007718404134,0.007258971532185872,0.08326784769694011
347,0.0007929801940917969,0.1847062110900879,0.0008825461069742838,0.0031266212463378906,0.0009086132049560547,0.003687143325805664,0.0009395281473795573
348,0.00442202885945638,0.19286282857259116,0.005281527837117513,0.0004831949869791667,0.0010991096496582031,0.0006236235300699869,0.0012327829996744792
349,0.14961536725362143,0.014410654703776041,0.08539986610412598,0.0012997786204020183,0.07227500279744466,0.0031603177388509116,0.07057452201843262
350,0.00042692820231119793,0.05105058352152506,0.0005909601847330729,0.05931210517883301,0.0005675156911214193,0.0547175407409668,0.0006957054138183594
351,0.08883325258890788,0.19279082616170248,0.1407789389292399,0.052872021993001304,0.09379617373148601,0.08054804801940918,0.11335508028666179
352,0.0005235671997070312,0.09187634785970052,0.0005122025807698568,0.0005442301432291666,0.000533898671468099,0.0005575815836588541,0.0005471706390380859
353,0.0065987904866536455,0.19228641192118326,0.00797255833943685,0.030938466389973957,0.007394631703694661,0.037865241368611656,0.007590770721435547
354,0.03282697995503744,0.07393153508504231,0.04143063227335612,0.0005090236663818359,0.008555014928181967,0.0005280971527099609,0.00859395662943522
355,0.0004910628000895182,0.17053627967834473,0.0006380081176757812,0.004105011622111003,0.0006940364837646484,0.004774570465087891,0.0009670257568359375
356,0.0420534610748291,0.04159625371297201,0.0371396541595459,0.0018723805745442708,0.012172857920328775,0.014842907587687174,0.012200752894083658
357,0.1288301150004069,0.053267478942871094,0.19564437866210938,0.05839101473490397,0.14387758572896323,0.05771938959757487,0.15670903523763022
358,0.0007692178090413412,0.0036376317342122397,0.0010840892791748047,0.00040260950724283856,0.0005654493967692057,0.0008501211802164713,0.0006463527679443359
359,0.08742086092631023,0.004500865936279297,0.03580927848815918,0.047571261723836265,0.0913541316986084,0.015044689178466797,0.03560741742451986
360,0.0007795492808024088,0.04151129722595215,0.014328797658284506,0.10796912511189778,0.0008666515350341797,0.04672686258951823,0.014204899470011393
361,0.12436588605244954,0.007714430491129558,0.05986229578653971,0.0014027754465738933,0.05375425020853678,0.0017406940460205078,0.0539546807607015
362,0.0650952657063802,0.18828177452087402,0.09755611419677734,0.012286504109700521,0.028237104415893555,0.015134572982788086,0.02905559539794922
363,0.0005377928415934244,0.17738906542460123,0.0006252129872639974,0.05956840515136719,0.0006090005238850912,0.08723664283752441,0.7125138441721598
364,0.009447971979777018,0.17670718828837076,0.01028903325398763,0.0013748009999593098,0.002103885014851888,0.0019042491912841797,0.002100706100463867
365,0.017154614130655926,0.18712218602498373,0.02193419138590495,0.004333655039469401,0.005071004231770833,0.0047999223073323565,0.005300839742024739
366,0.15582521756490073,0.19303345680236816,0.2782604694366455,0.0005625883738199869,0.07424076398213704,0.000698089599609375,0.0747992992401123
367,0.0004286766052246094,0.1914521058400472,0.0006643136342366537,0.10176936785380046,0.0004467169443766276,0.15592455863952637,0.00046753883361816406
368,0.15019631385803223,0.1894226868947347,0.26364954312642414,0.0006113052368164062,0.07082732518513997,0.0007034937540690104,0.07050339380900066
369,0.0027046998341878257,0.10768612225850423,0.0028839111328125,0.02747519810994466,0.006360451380411784,0.0345149834950765,0.00623933474222819
370,0.15095853805541992,0.04273509979248047,0.22684288024902344,0.039798895517985024,0.10860697428385417,0.0503386656443278,0.12075583140055339
371,0.14970008532206217,0.08344046274820964,0.24283202489217123,0.038286050160725914,0.10858654975891113,0.051486571629842125,0.12315162022908528
372,0.07618872324625652,0.19305268923441568,0.11762388547261556,0.05919313430786133,0.08381406466166179,0.09121259053548177,0.09339173634847005
373,0.00029857953389485675,0.010078509648640951,0.0020929177602132163,0.013822317123413086,0.002159754435221354,0.0044701894124348955,0.0021751721700032554
374,0.09247374534606934,0.031183322270711262,0.07052501042683919,0.0006829102834065756,0.0351256529490153,0.009026447931925455,0.034972588221232094
375,0.0005520184834798177,0.19363943735758463,0.0007782777150472006,0.007831096649169922,0.0012853940327962239,0.00890819231669108,0.0012098948160807292
376,0.15002020200093588,0.07442522048950195,0.23509701093037924,0.10083254178365071,0.18108447392781576,0.08353320757548015,0.2144486904144287
377,0.008513689041137695,0.002821842829386393,0.0031055609385172525,0.0005135536193847656,0.0018691221872965496,0.0007752577463785807,0.0015964508056640625
378,0.0394590695699056,0.17763582865397134,0.0535116990407308,0.034147421518961586,0.02780596415201823,0.045849005381266274,0.029530843098958332
379,0.0588830312093099,0.19017696380615234,0.08702747027079265,0.000633080800374349,0.019190231959025066,0.001406272252400716,0.01924268404642741
380,0.14898991584777832,0.19016273816426596,0.25989532470703125,0.0003467400868733724,0.0696266492207845,0.0004926522572835287,0.06992300351460774
381,0.0006430149078369141,0.19503680864969888,0.0009207725524902344,0.018292983373006184,0.0027621587117513022,0.018677234649658203,0.0026876131693522134
382,0.0006300608317057291,0.19315433502197266,0.0008438428243001302,0.0003669261932373047,0.0005074342091878256,0.0005400180816650391,0.0005254745483398438
383,0.0004450480143229167,0.05350287755330404,0.0005714893341064453,0.0023131370544433594,0.0006679693857828776,0.021761178970336914,0.0007161299387613932
384,0.0040467580159505205,0.02892581621805827,0.009232759475708008,0.0006381670633951823,0.0010594526926676433,0.0006601810455322266,0.0010631879170735676
385,0.0010202725728352864,0.1924891471862793,0.0005719661712646484,0.019031286239624023,0.0031942526499430337,0.023020505905151367,0.0035352706909179688
386,0.004294792811075847,0.19258801142374674,0.004920403162638347,0.0006922880808512369,0.001161654790242513,0.0008736451466878256,0.0013284683227539062
387,0.012297550837198893,0.19128910700480142,0.015533447265625,0.07021435101826985,0.0054365793863932295,0.01702396074930827,0.005865255991617839
388,0.005370537439982097,0.0015433629353841145,0.0014252662658691406,0.0007396539052327474,0.001270612080891927,0.0006623268127441406,0.0006558895111083984
389,0.0008529027303059896,0.19302471478780112,0.0008360544840494791,0.0033268133799235025,0.0008781750996907552,0.003733078638712565,0.0008575916290283203
390,0.14194917678833008,0.02614625295003255,0.09117714564005534,0.015082836151123047,0.07916879653930664,0.011075258255004883,0.08115188280741374
391,0.1563247044881185,0.19257744153340658,0.27801116307576496,0.0011885960896809895,0.07399996121724446,0.0015828609466552734,0.07521971066792806
392,0.1448329289754232,0.18917695681254068,0.2514979839324951,0.0005218982696533203,0.06657783190409343,0.0006881554921468099,0.0665281613667806
393,0.0007435480753580729,0.19309655825297037,0.0009579658508300781,0.014920870463053385,0.002560853958129883,0.01795053482055664,0.002631028493245443
394,0.00039688746134440106,0.16800371805826822,0.00041556358337402344,0.10131128629048665,0.0004001458485921224,0.15056681632995605,0.0005811850229899088
395,0.0005863507588704427,0.19057552019755045,0.0005465348561604818,0.10478448867797852,0.0006008148193359375,0.08992783228556316,0.001535336176554362
396,0.0012799898783365886,0.18958187103271484,0.0017577012379964192,0.062121073404947914,0.0017099380493164062,0.0960853894551595,0.0016327699025472004
397,0.0011304219563802083,0.0013364156087239583,0.0008170604705810547,0.0035599072774251304,0.001018842061360677,0.0009371439615885416,0.0008809566497802734
398,0.1549509366353353,0.18895991643269858,0.2746756076812744,0.012139240900675455,0.0877229372660319,0.014898856480916342,0.08960215250651042
399,0.008294423421223959,0.18715357780456543,0.01022632916768392,0.04131587346394857,0.009072144826253256,0.05790940920511881,0.00941610336303711
400,0.009282668431599935,0.1923215389251709,0.012085517247517904,0.04098924001057943,0.010214646657307943,0.05846651395161947,0.010802745819091797
401,0.1350713570912679,0.04737583796183268,0.2022124926249186,0.036617279052734375,0.09544873237609863,0.04726362228393555,0.1856712500254313
402,0.15486391385396323,0.1912689208984375,0.27253293991088867,0.026399612426757812,0.10135642687479655,0.03564063707987467,0.10988219579060872
403,0.1551511287689209,0.022203445434570312,0.09695784250895183,0.05812255541483561,0.17988069852193198,0.02424009641011556,0.09895896911621094
404,0.15483307838439941,0.06637152036031087,0.23025878270467123,0.0004429817199707031,0.07326928774515788,0.0006420612335205078,0.07314451535542806
405,0.05218172073364258,0.18496235211690268,0.07606307665506999,0.0023842652638753257,0.018427610397338867,0.0028351942698160806,0.018770615259806316
406,0.0012745857238769531,0.19265365600585938,0.0013894240061442058,0.0006171862284342448,0.0006733735402425131,0.0007492701212565104,0.0006889502207438151
407,0.004545132319132487,0.18861683209737143,0.005304416020711263,0.02869097391764323,0.007005373636881511,0.03887510299682617,0.007128715515136719
408,0.09148518244425456,0.0009644826253255209,0.035265445709228516,0.05494387944539388,0.09736164410909016,0.0009667873382568359,0.03487412134806315
409,0.0006113847096761068,0.18696904182434082,0.0006567637125651041,0.09307114283243816,0.0005808671315511068,0.13533926010131836,0.0006032784779866537
410,0.030544360478719074,0.19086130460103354,0.0400391419728597,0.0006284713745117188,0.007533868153889974,0.0007925033569335938,0.007811546325683594
411,0.15570576985677084,0.1924778620402018,0.2765217622121175,0.0014438629150390625,0.07584476470947266,0.0018271605173746746,0.07555810610453288
412,0.019449949264526367,0.1806790033976237,0.022849877675374348,0.0006431738535563151,0.003918170928955078,0.0007519721984863281,0.004165093104044597
413,0.0010170141855875652,0.0067157745361328125,0.0017085075378417969,0.10442749659220378,0.0011009375254313152,0.007076581319173177,0.001980861028035482
414,0.013344844182332357,0.18864361445109049,0.014644304911295572,0.0013860066731770833,0.0023175875345865884,0.0014671484629313152,0.002565781275431315
415,0.010567347208658854,0.046503305435180664,0.01209410031636556,0.0012471675872802734,0.00252381960550944,0.0012788772583007812,0.0026390552520751953
416,0.025174458821614582,0.15538509686787924,0.029570500055948894,0.0005602836608886719,0.0055811405181884766,0.0005908012390136719,0.005491018295288086
417,0.15160759290059408,0.18825348218282065,0.2645769913991292,0.0005116462707519531,0.07100685437520345,0.0006595452626546224,0.07045102119445801
418,0.13495469093322754,0.05845801035563151,0.1979366938273112,0.02080957094828288,0.08102734883626302,0.03324619928995768,0.08324035008748372
419,0.12318833669026692,0.02666584650675456,0.07735172907511394,0.0041828155517578125,0.0569761594136556,0.007855574289957682,0.05720003445943197
420,0.15202895800272623,0.19216497739156088,0.2705131371815999,0.0006877581278483073,0.07017453511555989,0.0008455117543538412,0.07071463267008464
421,0.0011663436889648438,0.07896788914998372,0.0012784004211425781,0.009903192520141602,0.0016496976216634114,0.03841733932495117,0.0016752084096272786
422,0.0428924560546875,0.03506135940551758,0.03178866704305013,0.04077704747517904,0.044840733210245766,0.02820277214050293,0.03215972582499186
423,0.15110222498575845,0.02158641815185547,0.09204657872517903,0.003923813501993815,0.07504757245381673,0.005416711171468099,0.07677944501241048
424,0.0010829766591389973,0.0003857612609863281,0.0005901654561360677,0.05916206041971842,0.0011972586313883464,0.00043853123982747394,0.0005139509836832682
425,0.0006856918334960938,0.05211718877156576,0.0008300940195719401,0.00040952364603678387,0.0005436738332112631,0.0005395412445068359,0.0005908807118733724
426,0.0015257199605305989,0.003423929214477539,0.0011108716328938801,0.0014276504516601562,0.0009095668792724609,0.0009106794993082682,0.0009439786275227865
427,0.15557034810384116,0.019243558247884113,0.09311787287394206,0.0008638699849446615,0.07449730237325032,0.004580179850260417,0.07362222671508789
428,0.005417982737223308,0.048315842946370445,0.006226460138956706,0.012809276580810547,0.003396272659301758,0.021785497665405273,0.0036300023396809897
429,0.15705362955729166,0.034953037897745766,0.10885882377624512,0.026954491933186848,0.10076737403869629,0.02007778485616048,0.1060020923614502
430,0.1555797259012858,0.18224811553955078,0.2661559581756592,0.024287303288777668,0.09979470570882161,0.0327452023824056,0.1072384516398112
431,0.15010833740234375,0.056047519048055015,0.21321185429890951,0.001592079798380534,0.07084139188130696,0.0019605159759521484,0.07145428657531738
432,0.1542347272237142,0.19296026229858398,0.2740324338277181,0.032571633656819664,0.10627063115437825,0.04374035199483236,0.11735002199808757
433,0.0008578300476074219,0.00430448849995931,0.0013170242309570312,0.05767639478047689,0.0011089642842610676,0.018936634063720703,0.0011775493621826172
434,0.025022188822428387,0.03158688545227051,0.01801911989847819,0.058152357737223305,0.026769399642944336,0.03456719716389974,0.018507719039916992
435,0.005318641662597656,0.07969498634338379,0.007488171259562175,0.05989336967468262,0.006257534027099609,0.08631221453348796,0.006523847579956055
436,0.0022086302439371743,0.051699320475260414,0.0024209022521972656,0.0004467964172363281,0.0007946491241455078,0.0004459222157796224,0.0006889502207438151
437,0.0004420280456542969,0.1716616153717041,0.0005332628885904948,0.10222713152567546,0.0005358060201009115,0.1449274222056071,0.0006644725799560547
438,0.0018648306528727214,0.05479836463928223,0.002153317133585612,0.05776564280192057,0.0020813941955566406,0.05100401242574056,0.001928249994913737
439,0.11489709218343098,0.014568805694580078,0.060129642486572266,0.016443649927775066,0.06337356567382812,0.0071446895599365234,0.060855706532796226
440,0.0016831556955973308,0.025648832321166992,0.006589333216349284,0.006050507227579753,0.0013647874196370442,0.007639646530151367,0.0015723705291748047
441,0.15220491091410318,0.008059501647949219,0.07869323094685872,0.0006251335144042969,0.07064437866210938,0.0016352335611979167,0.07058882713317871
442,0.0074795881907145185,0.08992846806844075,0.008588473002115885,0.003024895985921224,0.0024896462758382163,0.0035479068756103516,0.03943626085917155
443,0.13283451398213705,0.19015892346700033,0.22506999969482422,0.09818863868713379,0.1550906499226888,0.1548455556233724,0.19846351941426596
444,0.024837811787923176,0.05491757392883301,0.028259992599487305,0.00042096773783365887,0.0052831172943115234,0.0004907449086507162,0.005489349365234375
445,0.0006460348765055338,0.1924127737681071,0.0007410844167073568,0.019979159037272137,0.004312435785929362,0.024228254954020183,0.003446181615193685
446,0.1510026454925537,0.07273070017496745,0.22681760787963867,0.004251162211100261,0.07570830980936687,0.032538652420043945,0.07681115468343098
447,0.15422693888346353,0.028226693471272785,0.10753258069356282,0.034433205922444664,0.10707545280456543,0.02093640963236491,0.10398435592651367
448,0.013135353724161783,0.1922775904337565,0.015210628509521484,0.00046141942342122394,0.002118666966756185,0.00048287709554036457,0.0022880236307779946
449,0.04033795992533366,0.07599218686421712,0.05250223477681478,0.006855964660644531,0.01404587427775065,0.03402479489644369,0.014527082443237305
450,0.006290833155314128,0.015096028645833334,0.004857460657755534,0.005105415980021159,0.0024643739064534507,0.004116535186767578,0.002504269282023112
451,0.11363379160563152,0.01008001963297526,0.0555258591969808,0.004032532374064128,0.049538373947143555,0.0029813448588053384,0.05013044675191244
452,0.00038894017537434894,0.19011584917704263,0.00047906239827473957,0.00822901725769043,0.00046698252360026043,0.01028768221537272,0.00045116742451985675
453,0.0365914503733317,0.18961811065673828,0.04846358299255371,0.023828744888305664,0.01945837338765462,0.03093854586283366,0.026829322179158527
454,0.11936505635579427,0.1678454875946045,0.17807324727376303,0.0014150142669677734,0.04997380574544271,0.0017201900482177734,0.05001068115234375
455,0.0006647904713948568,0.17554640769958496,0.0006839434305826823,0.0009507338205973307,0.0006183783213297526,0.0010287761688232422,0.0006509621938069662
456,0.13329060872395834,0.0502928098042806,0.19975550969441733,0.038195133209228516,0.09593359629313152,0.05023582776387533,0.10402743021647136
457,0.15584357579549155,0.04746468861897787,0.23783389727274576,0.09616049130757649,0.18363825480143228,0.05177577336629232,0.2142005761464437
458,0.024947961171468098,0.20919020970662436,0.030097325642903645,0.0008363723754882812,0.005411863327026367,0.0010556379954020183,0.005734999974568685
459,0.007937749226888021,0.18304038047790527,0.009045600891113281,0.00035452842712402344,0.0017922719319661458,0.00044528643290201825,0.0018920103708902996
460,0.0035486221313476562,0.19036293029785156,0.00401759147644043,0.09291458129882812,0.003748814264933268,0.13634236653645834,0.003760735193888346
461,0.07328732808430989,0.19096755981445312,0.11322204271952312,0.0005054473876953125,0.025956471761067707,0.0005473295847574869,0.02538140614827474
462,0.08416016896565755,0.0278927485148112,0.053608338038126625,0.007813135782877604,0.03619670867919922,0.009746074676513672,0.03658922513326009
463,0.0004916985829671224,0.007235050201416016,0.001508792241414388,0.040550947189331055,0.004140297571818034,0.012376626332600912,0.0015303293863932292
464,0.15441091855367026,0.01771259307861328,0.09180378913879395,0.0004680156707763672,0.07315659523010254,0.0004794597625732422,0.07317304611206055
465,0.0010174115498860676,0.09151037534077962,0.0025075276692708335,0.05909323692321777,0.0011206467946370442,0.022257010142008465,0.0024781227111816406
466,0.008928298950195312,0.04351687431335449,0.017870187759399414,0.007973353068033854,0.0031372706095377603,0.016919692357381184,0.003313938776652018
467,0.15561612447102866,0.18065921465555826,0.2643839518229167,0.002258857091267904,0.07692416508992513,0.0023436546325683594,0.0775614579518636
468,0.005473216374715169,0.193892240524292,0.006850878397623698,0.10779229799906413,0.0059973398844401045,0.18658645947774252,0.006687323252360026
469,0.15465879440307617,0.028247833251953125,0.10326329867045085,0.0004793802897135417,0.07303619384765625,0.0005586147308349609,0.07334232330322266
470,0.0004374980926513672,0.19222402572631836,0.00047961870829264325,0.027832746505737305,0.00559536616007487,0.036778529485066734,0.005716244379679362
471,0.15545996030171713,0.18851073582967123,0.270402193069458,0.0008509159088134766,0.07476099332173665,0.0010723272959391277,0.07409008344014485
472,0.0019577344258626304,0.04754511515299479,0.0021401246388753257,0.00045498212178548175,0.0006074110666910807,0.0004792213439941406,0.000759283701578776
473,0.13015270233154297,0.04439711570739746,0.1906005541483561,0.0004849433898925781,0.057610670725504555,0.0005711714426676432,0.05806175867716471
474,0.10321482022603352,0.002261638641357422,0.04226112365722656,0.027472416559855144,0.062422752380371094,0.00594027837117513,0.04113268852233887
475,0.15668376286824545,0.026684681574503582,0.10210522015889485,0.030660708745320637,0.1022034486134847,0.015619198481241861,0.10373107592264812
476,0.01386872927347819,0.1773064931233724,0.016340335210164387,0.0048262278238932295,0.004064718882242839,0.005094687143961589,0.0043640931447347
477,0.0005471706390380859,0.00719300905863444,0.0017822583516438801,0.00047437349955240887,0.000541528065999349,0.0015721321105957031,0.000671227773030599
478,0.002029577891031901,0.18488709131876627,0.002360105514526367,0.05820329984029134,0.002072572708129883,0.09126472473144531,0.0020187695821126304
