0,2010-01-16 00:21:00,2010-01-16 01:04:35,0,1.08125,-74.00705675,40.73747875,-73.99611924999999,40.74529125
1,2010-01-31 23:12:47,2010-01-31 23:17:47,0,5.825,-74.00060159374999,40.72801271875,-73.99923440625,40.72898928125
2,2010-01-03 04:28:43,2010-01-04 03:43:42,0,34.8,-74.003667,40.762701,-73.959917,40.793951
3,2010-01-21 20:18:00,2010-01-21 21:45:11,0,26.11,-74.033163,40.710355,-73.945663,40.772855
4,2010-01-19 16:40:15,2010-01-19 18:07:26,0,26.6,-73.99637999999999,40.743708,-73.95263,40.774958
5,2010-01-09 11:35:54,2010-01-09 12:19:29,0.80234375,0.99765625,-74.00783575000001,40.73646375,-73.99689825,40.74427625
6,2010-01-10 02:31:00,2010-01-10 14:08:29,0,1.19125,-73.9617875,40.7160455,-73.9399125,40.7316705
7,2010-01-04 19:23:48,2010-01-04 19:29:14,3.175,9.425,-73.99559875,40.71082575,-73.98466124999999,40.71863825
8,2010-01-18 20:30:04,2010-01-20 19:00:03,10.70234375,10.89765625,-73.99957475000001,40.74721875,-73.98863725,40.75503125
9,2010-01-24 12:38:00,2010-01-31 23:59:59,3.641171875,3.738828125,-74.177015,40.615245,-73.827015,40.865245
10,2010-01-30 08:10:25,2010-01-31 23:59:59,0,2.0625,-74.0091048984375,40.7108979296875,-74.0087631015625,40.7111420703125
11,2010-01-17 19:30:00,2010-01-17 19:40:53,1.94875,3.51125,-73.9876428984375,40.7387249296875,-73.9873011015625,40.7389690703125
12,2010-01-24 13:25:17,2010-01-25 12:40:16,4.009375,4.790625,-73.959227,40.738362,-73.91547700000001,40.769612
13,2010-01-29 11:16:35,2010-01-30 10:31:34,0,4.525,-73.97996818749999,40.7361024375,-73.9772338125,40.7380555625
14,2010-01-31 03:43:44,2010-01-31 03:54:37,0,6.75,-73.98570659375,40.76323771875,-73.98433940625,40.76421428125
15,2010-01-28 20:24:08,2010-01-28 20:29:08,0.109375,0.890625,-73.99351949999999,40.7349465,-73.9716445,40.7505715
16,2010-01-24 14:01:17,2010-01-25 13:16:16,0,3.425,-73.958180375,40.777645875,-73.95271162499999,40.781552125
17,2010-01-10 01:02:55,2010-01-10 02:30:06,0.751171875,0.848828125,-73.986089796875,40.755133859375,-73.985406203125,40.755622140625
18,2010-01-15 07:01:00,2010-01-15 08:28:11,2.5546875,2.9453125,-74.0007475,40.7487025,-73.97887250000001,40.7643275
19,2010-01-08 21:28:00,2010-01-09 09:05:29,0,26.19,-74.071155,40.696797,-73.896155,40.821797
20,2010-01-20 12:07:10,2010-01-20 17:55:54,0.3046875,0.6953125,-73.939318,40.754515,-73.89556800000001,40.785765
21,2010-01-05 15:28:29,2010-01-21 03:28:28,0,9.85,-0.0027343749999999556,-0.001953125,0.0027343749999999556,0.001953125
22,2010-01-14 23:41:13,2010-01-16 22:11:12,8.075,14.325,-73.9393391875,40.7960714375,-73.93660481250001,40.7980245625
23,2010-01-25 13:27:00,2010-01-25 19:15:44,0.781171875,0.878828125,-74.018157,40.730235,-73.930657,40.792735
24,2010-01-20 14:00:00,2010-01-20 16:54:22,0.9723437500000001,1.16765625,-73.995581375,40.751246875,-73.990112625,40.755153125
25,2010-01-25 02:42:51,2010-01-25 08:31:35,0,9.45,-73.98960075000001,40.75608275,-73.97866325,40.76389525
26,2010-01-24 13:59:29,2010-01-24 19:48:13,0.80234375,0.99765625,-74.020733,40.695659,-73.845733,40.820659
27,2010-01-13 11:41:00,2010-01-14 10:55:59,0,25.94,-73.983967375,40.777266875,-73.978498625,40.781173125
28,2010-01-24 00:11:00,2010-01-31 23:59:59,0,3.745,-73.9975955,40.7222375,-73.97572050000001,40.7378625
29,2010-01-24 19:58:20,2010-01-28 16:58:19,0.30937499999999996,1.090625,-73.981306796875,40.744298859375,-73.98062320312499,40.744787140625
30,2010-01-26 15:27:00,2010-01-26 16:54:11,1.979375,2.760625,-73.95834859375,40.76118371875,-73.95698140625001,40.76216028125
31,2010-01-07 18:13:13,2010-01-07 18:18:13,0,13.2,-74.010166,40.733618,-73.96641600000001,40.764868
32,2010-01-30 16:45:00,2010-01-31 04:22:29,0,7.35,-73.96974159375,40.76783471875,-73.96837440625,40.76881128125
33,2010-01-12 07:17:00,2010-01-12 18:54:29,0,15.26,-73.97986175000001,40.75487575,-73.96892425,40.76268825
34,2010-01-30 00:12:00,2010-01-31 23:59:59,2.47875,4.04125,-73.9947871875,40.7350514375,-73.9920528125,40.7370045625
35,2010-01-26 06:47:47,2010-01-26 07:09:34,0,9.85,-74.034154,40.725091,-73.946654,40.787591
36,2010-01-05 16:32:00,2010-01-05 16:42:53,0,2.2925,-74.191407,40.586173,-73.841407,40.836173
37,2010-01-04 13:53:23,2010-01-08 10:53:22,2.3046875,2.6953125,-74.021687,40.726025,-73.934187,40.788525
38,2010-01-12 14:13:00,2010-01-12 15:40:11,9.599375,10.380625,-74.213625,40.51967,-73.513625,41.01967
39,2010-01-12 10:43:20,2010-01-12 16:32:04,2.0046875,2.3953125,-74.00508475000001,40.74994575,-73.99414725,40.75775825
40,2010-01-27 07:10:00,2010-01-27 07:31:47,7.914999999999999,14.165,-74.00807918749999,40.7298734375,-74.0053448125,40.7318265625
41,2010-01-12 14:20:52,2010-01-31 23:59:59,1.00234375,1.19765625,-74.088391,40.663295,-73.91339099999999,40.788295
42,2010-01-31 22:14:00,2010-01-31 23:59:59,0,26.71,-73.95778559375,40.78216971875,-73.95641840625001,40.78314628125
43,2010-01-29 20:16:00,2010-01-29 20:37:47,1.431171875,1.528828125,-73.9823705,40.7530925,-73.96049550000001,40.7687175
44,2010-01-14 21:10:00,2010-01-15 08:47:29,0.8787499999999999,2.44125,-74.30582,40.529615,-73.60582000000001,41.029615
45,2010-01-01 00:42:00,2010-01-01 06:30:44,0.4375,3.5625,-74.00787875,40.72419575,-73.99694124999999,40.73200825
46,2010-01-30 23:33:47,2010-01-30 23:38:47,0.751171875,0.848828125,-73.98743879687501,40.722188859375,-73.986755203125,40.722677140625
47,2010-01-13 14:24:40,2010-01-13 14:35:33,0.609375,1.390625,-74.308438,40.525526,-73.608438,41.025526
48,2010-01-07 08:57:55,2010-01-07 20:35:24,0,6.85,-74.10469599999999,40.642873,-73.929696,40.767873
49,2010-01-04 05:53:41,2010-01-04 06:37:16,2.91875,4.48125,-74.07335,40.710507,-73.89835,40.835507
50,2010-01-05 14:47:27,2010-01-21 02:47:26,0,7.95,-74.07895199999999,40.68251,-73.903952,40.80751
51,2010-01-23 10:42:00,2010-01-23 10:52:53,0,5.545,-74.0108278984375,40.7110679296875,-74.01048610156249,40.7113120703125
52,2010-01-31 01:38:00,2010-01-31 04:32:22,1.5946875,1.9853125,-74.007964375,40.719273875,-74.002495625,40.723180125
53,2010-01-30 15:52:45,2010-01-30 21:41:29,0.21875,1.78125,-74.32598499999999,40.510322,-73.625985,41.010322
54,2010-01-14 12:47:00,2010-01-15 00:24:29,0,13.52,-73.976589796875,40.751872859375,-73.97590620312499,40.752361140625
55,2010-01-27 20:33:35,2010-01-27 20:39:01,0.8187500000000001,2.38125,-73.966927375,40.765836875,-73.96145862499999,40.769743125
56,2010-01-31 02:29:52,2010-01-31 08:18:36,0.5375000000000001,3.6625,-74.04731100000001,40.690853,-73.959811,40.753353
57,2010-01-19 19:48:51,2010-01-31 23:59:59,0,17.0,-74.01266,40.680538,-73.96891000000001,40.711788
58,2010-01-08 10:07:00,2010-01-08 10:28:47,0,2.2725,-74.007067,40.743093,-73.919567,40.805593
59,2010-01-01 01:55:00,2010-01-01 02:38:35,0,27.5,-73.98103479687501,40.771442859375,-73.980351203125,40.771931140625
60,2010-01-08 21:44:53,2010-01-09 00:39:15,0,26.3,-73.98266889843751,40.7755279296875,-73.9823271015625,40.7757720703125
61,2010-01-27 09:26:39,2010-01-31 23:59:59,1.6046875,1.9953125,-74.00336559374999,40.73887171875,-74.00199840625,40.73984828125
62,2010-01-15 03:46:21,2010-01-17 02:16:20,0,11.05,-74.04290699999999,40.657513,-73.867907,40.782513
63,2010-01-28 18:47:18,2010-01-29 00:36:02,0.23750000000000004,3.3625,-0.04374999999999929,-0.03125,0.04374999999999929,0.03125
64,2010-01-10 21:06:25,2010-01-10 21:11:51,0,7.95,-0.021874999999999645,-0.015625,0.021874999999999645,0.015625
65,2010-01-30 15:52:00,2010-01-30 17:19:11,0,14.28,-74.03682699999999,40.712668,-73.861827,40.837668
66,2010-01-25 13:23:17,2010-01-26 01:00:46,0,14.9,-73.99588200000001,40.750181,-73.908382,40.812681
67,2010-01-20 20:37:13,2010-01-22 19:07:12,3.8046875,4.1953125,-74.037964,40.719477,-73.950464,40.781977
68,2010-01-20 22:43:04,2010-01-21 04:31:48,0,15.6,-73.9947678984375,40.7265969296875,-73.9944261015625,40.7268410703125
69,2010-01-22 20:31:00,2010-01-22 20:41:53,1.331171875,1.428828125,-74.00815659375,40.72669671875,-74.00678940625001,40.72767328125
70,2010-01-18 10:23:49,2010-01-20 08:53:48,0,17.1,-74.002159,40.769179,-73.914659,40.831679
71,2010-01-04 19:18:27,2010-01-04 19:40:14,1.10234375,1.29765625,-74.0080785,40.7145935,-73.9862035,40.7302185
72,2010-01-30 21:58:25,2010-01-30 22:09:18,0,8.55,-74.079498,40.66687,-73.90449799999999,40.79187
73,2010-01-08 17:14:38,2010-01-12 14:14:37,8.951171875,9.048828125,-73.87373649999999,40.7611405,-73.8518615,40.7767655
74,2010-01-24 04:33:00,2010-01-24 04:38:26,4.789375,5.570625,-73.9832701875,40.7394714375,-73.98053581250001,40.7414245625
75,2010-01-07 11:15:11,2010-01-11 08:15:10,0,28.6,-74.083618,40.705866,-73.90861799999999,40.830866
76,2010-01-21 07:37:09,2010-01-31 23:59:59,0,30.4,-73.96341079687501,40.793705859375,-73.962727203125,40.794194140625
77,2010-01-10 05:18:00,2010-01-10 05:28:53,4.7846875,5.1753125,-73.9967395,40.7525345,-73.97486450000001,40.7681595
78,2010-01-08 13:27:00,2010-01-12 10:26:59,0.9723437500000001,1.16765625,-74.317623,40.513172,-73.61762300000001,41.013172
79,2010-01-20 15:35:35,2010-01-22 14:05:34,0,10.95,-74.01290499999999,40.733455,-73.969155,40.764705
80,2010-01-15 07:35:00,2010-01-16 06:49:59,1.301171875,1.398828125,-74.31048999999999,40.519752,-73.61049,41.019752
81,2010-01-03 18:33:56,2010-01-04 00:22:40,0,13.7,-74.0044488984375,40.7421389296875,-74.0041071015625,40.7423830703125
82,2010-01-05 19:21:14,2010-01-05 20:04:49,0,1.9625,-73.97805159375,40.74078771875,-73.97668440625,40.74176428125
83,2010-01-11 23:17:44,2010-01-12 22:32:43,3.009375,3.790625,-73.993550375,40.732361875,-73.98808162499999,40.736268125
84,2010-01-24 19:34:00,2010-01-31 23:59:59,0,27.31,-74.28898799999999,40.555018,-73.588988,41.055018
85,2010-01-26 20:28:00,2010-01-26 21:11:35,0,3.855,-73.9875545,40.7561755,-73.96567950000001,40.7718005
86,2010-01-04 17:31:00,2010-01-04 23:19:44,0,7.9399999999999995,-73.9843455,40.7559795,-73.96247050000001,40.7716045
87,2010-01-02 09:59:00,2010-01-02 12:53:22,0,9.9,-74.344263,40.501647,-73.64426300000001,41.001647
88,2010-01-16 19:25:55,2010-01-20 16:25:54,0,5.725,-74.045433796875,40.736246859375,-74.04475020312499,40.736735140625
89,2010-01-23 06:03:41,2010-01-23 06:09:07,3.1375,6.2625,-74.023581,40.714794,-73.979831,40.746044
90,2010-01-19 07:27:00,2010-01-19 07:32:00,0,6.96,-73.969634796875,40.761100859375,-73.96895120312499,40.761589140625
91,2010-01-11 22:19:00,2010-01-15 19:18:59,0.03874999999999995,1.6012499999999998,-73.98229918749999,40.7327154375,-73.9795648125,40.7346685625
92,2010-01-23 14:09:00,2010-01-23 14:14:00,0,1.7925,-73.999322,40.751673,-73.911822,40.814173
93,2010-01-27 17:36:00,2010-01-27 19:03:11,0,2.7024999999999997,-73.96984075,40.76921875,-73.95890324999999,40.77703125
94,2010-01-29 23:22:00,2010-01-31 23:59:59,2.8446875,3.2353125,-73.99453575000001,40.71617075,-73.98359825,40.72398325
95,2010-01-23 19:53:49,2010-01-23 19:59:15,0.3187500000000001,1.88125,-73.95906675,40.78675675,-73.94812925,40.79456925
96,2010-01-21 16:34:14,2010-01-21 16:56:01,0,7.55,-73.97715359375,40.75084971875,-73.97578640625001,40.75182628125
97,2010-01-21 16:00:02,2010-01-21 16:21:49,0,14.1,-74.170101,40.619597,-73.82010100000001,40.869597
98,2010-01-15 08:36:10,2010-01-17 07:06:09,0.351171875,0.448828125,-74.0043245,40.7401235,-73.9824495,40.7557485
99,2010-01-10 23:02:00,2010-01-10 23:12:53,3.4146875,3.8053125,-73.990339375,40.717608875,-73.984870625,40.721515125
100,2010-01-29 14:14:41,2010-01-30 13:29:40,2.30234375,2.49765625,-73.99178559375,40.75721571875,-73.99041840625,40.75819228125
101,2010-01-05 09:56:00,2010-01-05 10:39:35,0.7875000000000001,3.9125,-74.353758,40.476258,-73.65375800000001,40.976258
102,2010-01-24 14:07:44,2010-01-24 14:12:44,1.40234375,1.59765625,-74.33045999999999,40.498022,-73.63046,40.998022
103,2010-01-09 02:46:00,2010-01-09 04:13:11,5.47875,7.04125,-73.98660059375,40.73231371875,-73.98523340625,40.73329028125
104,2010-01-26 20:42:23,2010-01-31 23:59:59,0,10.45,-74.012154,40.756388,-73.968404,40.787638
105,2010-01-07 17:49:00,2010-01-07 23:37:44,0,3.635,-73.981261796875,40.764272859375,-73.98057820312499,40.764761140625
106,2010-01-22 18:12:00,2010-01-23 05:49:29,0.20937499999999998,0.990625,-74.056827,40.701253,-73.88182700000002,40.826253
107,2010-01-11 18:21:00,2010-01-12 00:09:44,3.481171875,3.578828125,-74.34615,40.48246,-73.64615,40.98246
108,2010-01-20 23:36:15,2010-01-21 05:24:59,5.30234375,5.49765625,-74.0029835,40.7433085,-73.9811085,40.7589335
109,2010-01-24 02:32:45,2010-01-24 14:10:14,1.01875,2.58125,-74.34410899999999,40.470023,-73.644109,40.970023
110,2010-01-30 18:02:00,2010-01-30 23:50:44,0.02750000000000008,3.1525,-73.99625918749999,40.7356514375,-73.9935248125,40.7376045625
111,2010-01-04 21:22:09,2010-01-20 09:22:08,0,26.0,-73.9895325,40.7505045,-73.9676575,40.7661295
112,2010-01-28 16:19:13,2010-01-28 19:13:35,0.50234375,0.69765625,-73.98142779687501,40.784356859375,-73.980744203125,40.784845140625
113,2010-01-03 16:24:00,2010-01-05 14:53:59,0.761171875,0.858828125,-74.02815,40.73015,-73.94064999999999,40.79265
114,2010-01-09 22:45:00,2010-01-11 21:14:59,12.7246875,13.1153125,-73.97181549999999,40.8045245,-73.9499405,40.8201495
115,2010-01-19 10:22:00,2010-01-27 04:21:59,0,4.305,-74.039575,40.727942,-73.952075,40.790442
116,2010-01-28 09:27:00,2010-01-31 23:59:59,0,26.3,-74.00704,40.779997,-73.91954,40.842497
117,2010-01-09 21:36:00,2010-01-09 21:41:26,0,3.0425,-74.01396737500001,40.700919875,-74.008498625,40.704826125
118,2010-01-23 03:19:46,2010-01-23 03:30:39,4.5046875,4.8953125,-74.04398,40.703883,-73.95648,40.766383
119,2010-01-20 07:10:35,2010-01-24 04:10:34,0.41874999999999996,1.98125,-73.99151759375,40.75542571875,-73.99015040625001,40.75640228125
120,2010-01-30 14:51:00,2010-01-31 23:59:59,3.181171875,3.278828125,-74.17308,40.599123,-73.82308,40.849123
121,2010-01-18 13:57:00,2010-01-18 19:45:44,0,3.925,-73.88191059374999,40.70457671875,-73.88054340625,40.70555328125
122,2010-01-07 14:01:00,2010-01-07 14:06:26,0,13.44,-73.979526796875,40.746107859375,-73.978843203125,40.746596140625
123,2010-01-11 09:02:31,2010-01-11 09:07:57,0.91875,2.48125,-73.98650049999999,40.7574395,-73.9646255,40.7730645
124,2010-01-21 07:00:00,2010-01-29 00:59:59,0,4.085,-73.99059737500001,40.772708875,-73.985128625,40.776615125
125,2010-01-22 09:25:00,2010-01-22 09:30:00,0,13.42,-74.01407999999999,40.72848,-73.97033,40.75973
126,2010-01-05 09:19:33,2010-01-05 09:30:26,1.051171875,1.148828125,-74.32603999999999,40.499427,-73.62604,40.999427
127,2010-01-08 22:30:33,2010-01-31 23:59:59,0,7.05,-73.9820978984375,40.7760159296875,-73.9817561015625,40.7762600703125
128,2010-01-21 19:10:28,2010-01-21 20:37:39,0,7.85,-74.345283,40.50955,-73.645283,41.00955
129,2010-01-07 19:47:00,2010-01-08 19:01:59,0,14.78,-73.997094375,40.722848875,-73.991625625,40.726755125
130,2010-01-28 17:31:00,2010-01-28 23:19:44,0.7746875,1.1653125,-74.139923,40.641607,-73.789923,40.891607
131,2010-01-03 02:59:24,2010-01-31 23:59:59,2.10234375,2.29765625,-73.999514375,40.723671875,-73.994045625,40.727578125
132,2010-01-02 00:38:43,2010-01-02 01:00:30,0,13.2,-74.075815,40.661002,-73.900815,40.786002
133,2010-01-19 14:53:00,2010-01-19 14:58:00,0,15.21,-74.0049738984375,40.7518779296875,-74.00463210156249,40.7521220703125
134,2010-01-06 12:54:11,2010-01-22 00:54:10,0,12.9,-73.9942605,40.7419095,-73.9723855,40.7575345
135,2010-01-21 17:13:31,2010-01-21 17:18:31,1.90234375,2.09765625,-74.02374900000001,40.736054,-73.936249,40.798554
136,2010-01-24 18:33:00,2010-01-31 23:59:59,2.03875,3.60125,-74.018765,40.721412,-73.931265,40.783912
137,2010-01-29 08:01:45,2010-01-30 07:16:44,0.9046875000000001,1.2953125,-73.960638796875,40.769585859375,-73.95995520312499,40.770074140625
138,2010-01-30 11:41:14,2010-01-31 23:59:59,1.251171875,1.348828125,-73.9931228984375,40.7311219296875,-73.9927811015625,40.7313660703125
139,2010-01-05 20:58:00,2010-01-05 21:08:53,3.325,9.575,-74.018597,40.713912,-73.97484700000001,40.745162
140,2010-01-04 20:05:21,2010-01-12 14:05:20,0,27.3,-74.034972,40.728744,-73.94747199999999,40.791244
141,2010-01-01 22:48:16,2010-01-01 22:53:42,0.6046875,0.9953125,-74.07297399999999,40.69363,-73.897974,40.81863
142,2010-01-23 18:45:31,2010-01-25 17:15:30,3.5046875,3.8953125,-74.00404275000001,40.74112875,-73.99310525,40.74894125
143,2010-01-17 19:58:00,2010-01-19 18:27:59,1.28234375,1.47765625,-74.07015200000001,40.69947,-73.895152,40.82447
144,2010-01-25 01:53:00,2010-01-25 01:58:26,14.919375,15.700625,-74.35231999999999,40.50109,-73.65232,41.00109
145,2010-01-01 19:45:06,2010-01-01 20:06:53,1.251171875,1.348828125,-73.96743359375,40.78866171875,-73.96606640625001,40.78963828125
146,2010-01-21 12:59:00,2010-01-21 15:53:22,0,25.96,-73.91419859375,40.80821371875,-73.91283140625,40.80919028125
147,2010-01-03 22:15:26,2010-01-03 22:37:13,16.10234375,16.29765625,-73.99435775,40.75710975,-73.98342025,40.76492225
148,2010-01-31 16:35:59,2010-01-31 16:40:59,2.009375,2.790625,-74.02721100000001,40.730768,-73.939711,40.793268
149,2010-01-15 12:13:00,2010-01-15 12:56:35,0,14.56,-74.160397,40.62267,-73.81039700000001,40.87267
150,2010-01-26 17:33:00,2010-01-26 17:43:53,1.3475000000000001,4.4725,-73.98257559375,40.76023171875,-73.98120840625,40.76120828125
151,2010-01-29 00:15:35,2010-01-31 23:59:59,0,1.48125,-73.99775575000001,40.74771275,-73.98681825,40.75552525
152,2010-01-10 00:02:26,2010-01-10 00:24:13,0,4.025,-73.98729949999999,40.7561855,-73.9654245,40.7718105
153,2010-01-03 00:44:00,2010-01-03 00:49:00,3.221171875,3.318828125,-74.0111175,40.7209255,-73.9892425,40.7365505
154,2010-01-27 12:38:00,2010-01-31 23:59:59,1.431171875,1.528828125,-74.038952,40.689698,-73.995202,40.720948
155,2010-01-28 08:02:00,2010-01-31 23:59:59,3.66875,5.23125,-74.003665,40.782768,-73.91616499999999,40.845268
156,2010-01-13 17:44:00,2010-01-13 17:54:53,0,3.9050000000000002,-73.99901679687501,40.734445859375,-73.998333203125,40.734934140625
157,2010-01-16 05:15:33,2010-01-16 06:42:44,0,0.78125,-73.7937805,40.6362445,-73.7719055,40.6518695
158,2010-01-02 12:54:37,2010-01-03 00:32:06,0,13.1,-73.96186337500001,40.773088875,-73.956394625,40.776995125
159,2010-01-14 14:27:00,2010-01-31 23:59:59,2.729375,3.510625,-74.01563875000001,40.71695875,-74.00470125,40.72477125
160,2010-01-12 06:41:02,2010-01-12 06:46:02,1.80234375,1.99765625,-0.00017089843749999722,-0.0001220703125,0.00017089843749999722,0.0001220703125
161,2010-01-09 01:39:00,2010-01-09 01:49:53,2.43234375,2.62765625,-73.986457375,40.727889875,-73.980988625,40.731796125
162,2010-01-09 16:46:03,2010-01-09 17:07:50,0,21.1,-73.98238437500001,40.744781875,-73.976915625,40.748688125
163,2010-01-22 21:27:00,2010-01-24 19:56:59,1.12234375,1.31765625,-74.34217299999999,40.499725,-73.642173,40.999725
164,2010-01-17 13:21:32,2010-01-21 10:21:31,0,2.0625,-73.9859665,40.7796515,-73.96409150000001,40.7952765
165,2010-01-13 11:23:16,2010-01-15 09:53:15,0.9046875000000001,1.2953125,-73.958944375,40.776568875,-73.953475625,40.780475125
166,2010-01-11 14:21:21,2010-01-27 02:21:20,16.351171875,16.448828125,-74.00579099999999,40.726125,-73.962041,40.757375
167,2010-01-06 14:08:00,2010-01-31 23:59:59,4.99234375,5.18765625,-74.00178299999999,40.736295,-73.958033,40.767545
168,2010-01-23 01:47:00,2010-01-23 01:52:00,6.429375,7.210625,-74.165865,40.609633,-73.815865,40.859633
169,2010-01-05 12:09:00,2010-01-06 11:23:59,0.461171875,0.558828125,-0.00017089843749999722,-0.0001220703125,0.00017089843749999722,0.0001220703125
170,2010-01-27 14:22:00,2010-01-27 17:16:22,1.191171875,1.288828125,-73.9900795,40.7697495,-73.9682045,40.7853745
171,2010-01-09 20:46:00,2010-01-09 23:40:22,0.45234375000000004,0.64765625,-74.15271299999999,40.638678,-73.802713,40.888678
172,2010-01-28 08:51:00,2010-01-28 09:34:35,0,2.2125,-74.0046858984375,40.7202929296875,-74.0043441015625,40.7205370703125
173,2010-01-31 03:10:03,2010-01-31 03:53:38,0,32.9,-74.08132599999999,40.658546,-73.906326,40.783546
174,2010-01-14 20:08:35,2010-01-14 20:30:22,0,14.9,-74.07946999999999,40.663987,-73.90447,40.788987
175,2010-01-15 11:28:22,2010-01-23 05:28:21,0.8046875,1.1953125,-73.994713796875,40.746125859375,-73.99403020312499,40.746614140625
176,2010-01-30 02:37:16,2010-01-30 14:14:45,0,15.2,-73.9990845,40.7124715,-73.9772095,40.7280965
177,2010-01-20 15:03:24,2010-01-20 16:30:35,5.81875,7.38125,-74.095132,40.642566,-73.920132,40.767566
178,2010-01-17 01:11:00,2010-01-17 12:48:29,0,3.675,-74.01205875000001,40.73528675,-74.00112125,40.74309925
179,2010-01-02 05:57:12,2010-01-06 02:57:11,0,12.9,-73.9906805,40.7084815,-73.9688055,40.7241065
180,2010-01-27 08:28:00,2010-01-31 23:59:59,5.461171875,5.558828125,-74.01675979687501,40.707023859375,-74.016076203125,40.707512140625
181,2010-01-12 19:43:10,2010-01-12 19:48:10,0,12.35,-73.95939175000001,40.76675775,-73.94845425,40.77457025
182,2010-01-01 16:34:02,2010-01-09 10:34:01,2.309375,3.090625,-73.972001796875,40.781953859375,-73.971318203125,40.782442140625
183,2010-01-12 20:53:00,2010-01-14 19:22:59,0,26.77,-74.35842199999999,40.475187,-73.658422,40.975187
184,2010-01-04 08:16:00,2010-01-04 09:43:11,0.24875000000000003,1.81125,-73.9538591875,40.7717034375,-73.95112481250001,40.7736565625
185,2010-01-13 20:57:00,2010-01-13 21:40:35,0,13.68,-73.98625059375,40.73800471875,-73.98488340625,40.73898128125
186,2010-01-10 03:52:00,2010-01-14 00:51:59,5.69234375,5.88765625,-73.979951375,40.745101875,-73.974482625,40.749008125
187,2010-01-20 15:27:00,2010-01-21 14:41:59,0,13.3,-73.9640151875,40.7558714375,-73.96128081250001,40.7578245625
188,2010-01-09 20:15:00,2010-01-09 20:25:53,1.251171875,1.348828125,-73.969806796875,40.763517859375,-73.969123203125,40.764006140625
189,2010-01-04 14:23:00,2010-01-04 14:44:47,0,14.69,-74.037388,40.700048,-73.949888,40.762548
190,2010-01-11 09:23:00,2010-01-15 06:22:59,0.961171875,1.058828125,-73.98635359375,40.72655971875,-73.98498640625,40.72753628125
191,2010-01-17 04:44:50,2010-01-17 07:39:12,3.41875,4.98125,-74.0094018984375,40.7151159296875,-74.0090601015625,40.7153600703125
192,2010-01-29 08:05:57,2010-01-31 23:59:59,11.551171875,11.648828125,-73.9947425,40.7501425,-73.9728675,40.7657675
193,2010-01-26 09:39:00,2010-01-26 09:44:26,0.7893749999999999,1.570625,-73.98028575000001,40.74027075,-73.96934825,40.74808325
194,2010-01-02 16:31:17,2010-01-06 13:31:16,0,14.6,-74.005943,40.747971,-73.918443,40.810471
195,2010-01-15 08:42:39,2010-01-15 08:53:32,0,30.6,-73.98789275,40.75876175,-73.97695524999999,40.76657425
196,2010-01-07 06:31:42,2010-01-09 05:01:41,0,8.55,-73.95161559374999,40.77840271875,-73.95024840625,40.77937928125
197,2010-01-21 08:49:00,2010-01-21 08:54:00,1.75234375,1.94765625,-74.355375,40.488837,-73.655375,40.988837
198,2010-01-14 08:28:00,2010-01-14 08:33:26,0.881171875,0.978828125,-73.99505789843751,40.7603259296875,-73.9947161015625,40.7605700703125
199,2010-01-23 00:35:10,2010-01-23 02:02:21,0.251171875,0.348828125,-74.082209,40.660438,-73.907209,40.785438
200,2010-01-26 00:51:33,2010-01-26 01:02:26,0,2.6625,-74.039855,40.693922,-73.952355,40.756422
201,2010-01-29 12:34:02,2010-01-29 12:39:02,1.509375,2.290625,-73.96774875000001,40.77522175,-73.95681125,40.78303425
202,2010-01-22 12:55:00,2010-01-22 13:16:47,3.59234375,3.78765625,-73.94972075000001,40.80367675,-73.93878325,40.81148925
203,2010-01-17 04:16:00,2010-01-21 01:15:59,0,4.425,-74.21570700000001,40.692013,-74.128207,40.754513
204,2010-01-29 18:12:00,2010-01-31 16:41:59,0.18234375000000003,0.37765625,-73.998771796875,40.740070859375,-73.998088203125,40.740559140625
205,2010-01-15 02:29:59,2010-01-31 23:59:59,0,9.45,-74.001711796875,40.731004859375,-74.00102820312499,40.731493140625
206,2010-01-28 12:01:00,2010-01-30 10:30:59,0,6.51,-73.9592958984375,40.7803579296875,-73.9589541015625,40.7806020703125
207,2010-01-11 13:34:45,2010-01-27 01:34:44,0,26.2,-74.02062875,40.71025475,-74.00969124999999,40.71806725
208,2010-01-11 13:39:00,2010-01-11 13:44:00,2.539375,3.320625,-74.328195,40.502345,-73.628195,41.002345
209,2010-01-17 20:22:16,2010-01-17 20:27:16,0,9.05,-74.025034,40.724897,-73.937534,40.787397
210,2010-01-25 07:47:00,2010-01-25 10:41:22,2.0246875,2.4153125,-73.98709418749999,40.7396954375,-73.9843598125,40.7416485625
211,2010-01-17 00:55:00,2010-01-18 23:24:59,2.819375,3.600625,-74.34217299999999,40.499438,-73.642173,40.999438
212,2010-01-27 13:03:00,2010-01-27 15:57:22,1.759375,2.540625,-73.9955338984375,40.7535559296875,-73.9951921015625,40.7538000703125
213,2010-01-22 01:22:50,2010-01-22 01:28:16,2.71875,4.28125,-73.98778,40.745651,-73.94403000000001,40.776901
214,2010-01-18 20:47:41,2010-01-18 20:58:34,0,9.65,-73.9719488984375,40.7536599296875,-73.9716071015625,40.7539040703125
215,2010-01-21 13:57:00,2010-01-22 13:11:59,0,2.4225,-74.31473799999999,40.505763,-73.614738,41.005763
216,2010-01-22 09:33:00,2010-01-22 09:38:00,2.119375,2.900625,-73.9830255,40.7867705,-73.9611505,40.8023955
217,2010-01-04 23:36:00,2010-01-04 23:57:47,1.9993750000000001,2.780625,-73.999192375,40.751396875,-73.993723625,40.755303125
218,2010-01-26 14:40:00,2010-01-26 20:28:44,1.559375,2.340625,-74.32603999999999,40.507642,-73.62604,41.007642
219,2010-01-06 16:29:00,2010-01-06 16:50:47,0.941171875,1.038828125,-73.98822179687501,40.749892859375,-73.987538203125,40.750381140625
220,2010-01-02 12:07:00,2010-01-02 15:01:22,16.3475,19.4725,-73.9913008984375,40.7658729296875,-73.9909591015625,40.7661170703125
221,2010-01-21 19:39:56,2010-01-31 23:59:59,0,13.4,-74.04371,40.716753,-73.86871,40.841753
222,2010-01-19 12:05:30,2010-01-19 17:54:14,3.451171875,3.548828125,-73.982939375,40.783691875,-73.977470625,40.787598125
223,2010-01-24 14:25:00,2010-01-24 14:35:53,0,1.56125,-74.02613000000001,40.740835,-73.93863,40.803335
224,2010-01-20 09:35:00,2010-01-21 08:49:59,12.301171875,12.398828125,-73.960385,40.711438,-73.78538499999999,40.836438
225,2010-01-31 13:55:00,2010-01-31 14:16:47,0,28.009999999999998,-73.98458559375,40.72114971875,-73.98321840625,40.72212628125
226,2010-01-02 13:45:09,2010-01-10 07:45:08,1.609375,2.390625,-74.011201,40.728768,-73.923701,40.791268
227,2010-01-18 22:34:13,2010-01-19 00:01:24,0.07500000000000018,6.325,-73.9976411875,40.7523464375,-73.9949068125,40.7542995625
228,2010-01-13 11:52:00,2010-01-31 23:59:59,0,36.33,-73.867982375,40.768679875,-73.86251362499999,40.772586125
229,2010-01-24 19:15:33,2010-01-31 23:59:59,2.651171875,2.748828125,-73.9836861875,40.7675904375,-73.98095181250001,40.7695435625
230,2010-01-28 17:07:00,2010-01-28 17:12:00,0,28.48,-73.9019701875,40.6746164375,-73.89923581250001,40.6765695625
231,2010-01-17 20:18:08,2010-01-25 14:18:07,0,28.5,-74.01038399999999,40.721888,-73.966634,40.753138
232,2010-01-25 08:19:00,2010-01-25 08:24:00,0,17.82,-73.9865655,40.7431375,-73.9646905,40.7587625
233,2010-01-15 20:23:22,2010-01-15 20:45:09,0.20937499999999998,0.990625,-73.96795589843751,40.8027319296875,-73.9676141015625,40.8029760703125
234,2010-01-14 15:26:00,2010-01-14 15:31:26,0.8887499999999999,2.45125,-73.98363159374999,40.74156671875,-73.98226440625,40.74254328125
235,2010-01-08 22:33:44,2010-01-08 23:17:19,0,36.9,-74.32781399999999,40.536341,-73.627814,41.036341
236,2010-01-23 10:01:03,2010-01-23 10:11:56,0.20937499999999998,0.990625,-74.149513,40.668103,-73.799513,40.918103
237,2010-01-10 18:08:16,2010-01-10 19:35:27,0,4.325,-74.03087500000001,40.694089,-73.943375,40.756589
238,2010-01-11 16:21:00,2010-01-11 16:26:00,0.43875,2.0012499999999998,-74.070772,40.718962,-73.895772,40.843962
239,2010-01-29 19:49:53,2010-01-29 21:17:04,0,4.025,-74.04679300000001,40.691955,-73.959293,40.754455
240,2010-01-30 20:07:28,2010-01-31 23:59:59,1.451171875,1.548828125,-73.95978475000001,40.78316875,-73.94884725,40.79098125
241,2010-01-11 14:44:00,2010-01-11 14:49:26,0.5487500000000001,2.11125,-73.995433796875,40.743640859375,-73.994750203125,40.744129140625
242,2010-01-30 03:19:48,2010-01-30 14:57:17,1.0046875,1.3953125,-74.334514,40.470205,-73.63451400000001,40.970205
243,2010-01-18 13:14:32,2010-01-18 13:19:58,0,8.45,-74.07524799999999,40.70756,-73.900248,40.83256
244,2010-01-20 07:41:52,2010-01-31 23:59:59,1.5375,4.6625,-74.14823799999999,40.61913,-73.798238,40.86913
245,2010-01-01 10:53:00,2010-01-02 10:07:59,3.461171875,3.558828125,-73.998687375,40.736799875,-73.993218625,40.740706125
246,2010-01-11 12:22:00,2010-01-15 09:21:59,0,2.1625,-73.986484375,40.766243875,-73.981015625,40.770150125
247,2010-01-24 03:30:00,2010-01-24 09:18:44,2.41234375,2.60765625,-73.9973145,40.7146025,-73.97543950000001,40.7302275
248,2010-01-12 08:35:07,2010-01-20 02:35:06,1.451171875,1.548828125,-73.979765375,40.782966875,-73.974296625,40.786873125
249,2010-01-26 21:48:57,2010-01-31 23:59:59,0,19.6,-74.043968,40.69093,-73.956468,40.75343
250,2010-01-25 08:30:46,2010-01-31 23:59:59,1.409375,2.190625,-73.9772218984375,40.7453209296875,-73.9768801015625,40.7455650703125
251,2010-01-26 21:08:01,2010-01-27 20:23:00,1.551171875,1.648828125,-73.9806031875,40.7575314375,-73.9778688125,40.7594845625
252,2010-01-17 01:21:43,2010-01-17 02:05:18,0,2.9625,-73.98052737500001,40.756369875,-73.975058625,40.760276125
253,2010-01-08 07:54:03,2010-01-12 04:54:02,2.351171875,2.448828125,-73.98990979687501,40.756563859375,-73.989226203125,40.757052140625
254,2010-01-01 13:44:46,2010-01-01 14:06:33,0,6.85,-73.9650111875,40.7605944375,-73.96227681250001,40.7625475625
255,2010-01-14 17:59:55,2010-01-15 05:37:24,0,26.0,-74.15862299999999,40.644537,-73.808623,40.894537
256,2010-01-27 16:08:00,2010-01-27 17:35:11,1.0646875,1.4553125,-73.97874979687501,40.753400859375,-73.978066203125,40.753889140625
257,2010-01-14 10:10:51,2010-01-31 23:59:59,1.10234375,1.29765625,-74.078533,40.665403,-73.90353300000001,40.790403
258,2010-01-16 15:53:00,2010-01-20 12:52:59,0,25.91,-73.981329796875,40.774207859375,-73.98064620312499,40.774696140625
259,2010-01-09 11:21:12,2010-01-09 22:58:41,0,5.825,-74.0006985,40.7328495,-73.9788235,40.7484745
260,2010-01-12 07:40:00,2010-01-12 08:01:47,2.14234375,2.33765625,-73.982343796875,40.776352859375,-73.98166020312499,40.776841140625
261,2010-01-17 20:07:31,2010-01-21 17:07:30,0,14.1,-73.98937159375,40.73448271875,-73.98800440625,40.73545928125
262,2010-01-29 04:13:00,2010-01-31 23:59:59,6.011171875,6.108828125,-74.088133,40.666365,-73.91313299999999,40.791365
263,2010-01-06 21:18:00,2010-01-07 00:12:22,0.68875,2.2512499999999998,-74.06696199999999,40.71273,-73.891962,40.83773
264,2010-01-06 08:34:21,2010-01-14 02:34:20,0.71875,2.28125,-74.00600259375,40.74554771875,-74.00463540625,40.74652428125
265,2010-01-31 17:33:00,2010-01-31 23:59:59,0.89234375,1.08765625,-73.95545237500001,40.787051875,-73.949983625,40.790958125
266,2010-01-11 16:14:40,2010-01-11 16:19:40,2.551171875,2.648828125,-73.9904568984375,40.6866639296875,-73.9901151015625,40.6869080703125
267,2010-01-02 02:36:00,2010-01-02 14:13:29,0.7493749999999999,1.530625,-73.98159179687501,40.737080859375,-73.980908203125,40.737569140625
268,2010-01-05 10:51:00,2010-01-06 10:05:59,0.829375,1.610625,-74.32265699999999,40.511778,-73.622657,41.011778
269,2010-01-29 00:27:30,2010-01-29 01:54:41,0,16.9,-73.96856137500001,40.803766875,-73.963092625,40.807673125
270,2010-01-08 15:46:00,2010-01-09 15:00:59,0,25.8,-74.001262,40.753248,-73.91376199999999,40.815748
271,2010-01-19 21:59:29,2010-01-31 23:59:59,10.9046875,11.2953125,-74.03234699999999,40.6882,-73.988597,40.71945
272,2010-01-08 02:45:00,2010-01-11 23:44:59,0,3.685,-73.96450237500001,40.769086875,-73.959033625,40.772993125
273,2010-01-05 09:13:46,2010-01-31 23:59:59,0,4.925,-74.07569699999999,40.707204,-73.90069700000001,40.832204
274,2010-01-28 23:59:00,2010-01-29 00:42:35,0,3.815,-74.03654,40.692413,-73.94904,40.754913
275,2010-01-06 15:23:44,2010-01-06 15:29:10,0.7093750000000001,1.490625,-73.9728748984375,40.7611859296875,-73.97253310156249,40.7614300703125
276,2010-01-30 15:31:00,2010-01-31 23:59:59,0,14.17,-73.99991999999999,40.76779,-73.95617,40.79904
277,2010-01-22 21:42:01,2010-01-30 15:42:00,3.509375,4.290625,-73.98992779687501,40.753418859375,-73.989244203125,40.753907140625
278,2010-01-15 21:01:00,2010-01-31 09:00:59,1.7287499999999998,3.29125,-74.326337,40.53594,-73.626337,41.03594
279,2010-01-01 00:54:00,2010-01-01 00:59:26,0,10.03,-73.95072437500001,40.772684875,-73.945255625,40.776591125
280,2010-01-31 03:48:36,2010-01-31 04:10:23,3.351171875,3.448828125,-74.000890375,40.748854875,-73.99542162499999,40.752761125
281,2010-01-19 23:03:00,2010-01-20 10:40:29,3.4887499999999996,5.05125,-74.34814999999999,40.472753,-73.64815,40.972753
282,2010-01-13 13:22:00,2010-01-14 12:36:59,7.501171875,7.598828125,-74.00344518749999,40.7143814375,-74.0007108125,40.7163345625
283,2010-01-09 10:52:00,2010-01-31 23:59:59,0.05937500000000001,0.840625,-74.005599796875,40.718337859375,-74.00491620312499,40.718826140625
284,2010-01-06 06:12:00,2010-01-06 06:33:47,0,6.95,-73.992863796875,40.754045859375,-73.99218020312499,40.754534140625
285,2010-01-30 11:28:00,2010-01-30 11:33:26,0,18.11,-73.993185,40.7454,-73.94943500000001,40.77665
286,2010-01-18 14:28:00,2010-01-19 02:05:29,0,28.46,-73.99396589843751,40.7326109296875,-73.9936241015625,40.7328550703125
287,2010-01-09 02:06:28,2010-01-09 02:11:28,5.209375,5.990625,-73.98281118749999,40.7280564375,-73.9800768125,40.7300095625
288,2010-01-09 19:04:00,2010-01-09 19:25:47,0,4.545,-74.00557479687501,40.720228859375,-74.004891203125,40.720717140625
289,2010-01-17 20:54:00,2010-01-17 20:59:00,0,26.58,-74.039412,40.702248,-73.951912,40.764748
290,2010-01-06 07:21:00,2010-01-06 07:31:53,0.13875000000000004,1.70125,-74.077785,40.694083,-73.902785,40.819083
291,2010-01-28 20:48:18,2010-01-28 22:15:29,0,17.7,-73.97673059374999,40.75575871875,-73.97536340625,40.75673528125
292,2010-01-29 19:10:00,2010-01-30 18:24:59,0,5.595000000000001,-74.0007378984375,40.7422199296875,-74.0003961015625,40.7424640703125
293,2010-01-11 08:56:00,2010-01-11 09:39:35,0.9593750000000001,1.740625,-74.0057905,40.7431955,-73.98391550000001,40.7588205
294,2010-01-27 10:23:00,2010-01-29 08:52:59,0,28.89,-74.30360499999999,40.540788,-73.603605,41.040788
295,2010-01-31 09:48:00,2010-01-31 21:25:29,0.65234375,0.84765625,-74.02525200000001,40.747507,-73.937752,40.810007
296,2010-01-25 17:57:44,2010-01-25 18:08:37,3.6999999999999993,28.7,-73.9923135,40.7419255,-73.9704385,40.7575505
297,2010-01-10 07:09:12,2010-01-10 10:03:34,0.8187500000000001,2.38125,-73.952369796875,40.818968859375,-73.95168620312499,40.819457140625
298,2010-01-12 08:04:12,2010-01-12 08:15:05,1.851171875,1.948828125,-73.983886,40.743841,-73.94013600000001,40.775091
299,2010-01-24 00:34:00,2010-01-24 00:39:00,0.09749999999999992,3.2225,-74.01016159375,40.71548971875,-74.00879440625,40.71646628125
300,2010-01-22 03:26:00,2010-01-24 01:55:59,0,18.36,-74.004292,40.679752,-73.916792,40.742252
301,2010-01-02 23:21:01,2010-01-03 10:58:30,3.25,15.75,-73.98795079687501,40.716023859375,-73.987267203125,40.716512140625
302,2010-01-31 00:19:39,2010-01-31 03:14:01,0,5.025,-73.986670375,40.723591875,-73.981201625,40.727498125
303,2010-01-19 23:27:08,2010-01-23 20:27:07,9.7046875,10.0953125,-74.07106999999999,40.679929,-73.89607000000001,40.804929
304,2010-01-22 09:27:16,2010-01-22 10:54:27,0,5.125,-74.031656,40.704281,-73.94415599999999,40.766781
305,2010-01-19 20:01:48,2010-01-19 20:45:23,3.151171875,3.248828125,-73.9705468984375,40.7591029296875,-73.9702051015625,40.7593470703125
306,2010-01-07 22:03:00,2010-01-09 20:32:59,2.50234375,2.69765625,-73.986157375,40.758143875,-73.980688625,40.762050125
307,2010-01-07 21:47:30,2010-01-07 22:31:05,0,2.3625,-74.00532575000001,40.72889675,-73.99438825,40.73670925
308,2010-01-22 00:19:00,2010-01-22 00:29:53,1.129375,1.910625,-73.98759175,40.72790575,-73.97665425,40.73571825
309,2010-01-04 17:48:54,2010-01-04 17:53:54,0.851171875,0.948828125,-74.0052518984375,40.7198929296875,-74.0049101015625,40.7201370703125
310,2010-01-14 21:20:00,2010-01-15 08:57:29,0,2.2225,-74.134357,40.639238,-73.784357,40.889238
311,2010-01-07 23:33:32,2010-01-08 11:11:01,0,12.8,-74.353578,40.486574,-73.65357800000001,40.986574
312,2010-01-24 20:48:00,2010-01-24 23:42:22,0,25.89,-74.030702,40.70795,-73.943202,40.77045
313,2010-01-06 06:03:00,2010-01-08 04:32:59,0,6.77,-73.9877375,40.7824745,-73.9658625,40.7980995
314,2010-01-26 13:05:00,2010-01-31 23:59:59,15.337499999999999,18.4625,-73.97680389843751,40.7751199296875,-73.9764621015625,40.7753640703125
315,2010-01-11 00:30:55,2010-01-11 03:25:17,0,13.7,-73.9939835,40.7507925,-73.9721085,40.7664175
316,2010-01-24 17:20:15,2010-01-24 17:31:08,3.951171875,4.048828125,-74.050785,40.684806,-73.963285,40.747306
317,2010-01-13 13:38:00,2010-01-13 14:21:35,0,8.79,-73.98418375,40.74038875,-73.97324624999999,40.74820125
318,2010-01-19 13:30:00,2010-01-19 16:24:22,1.339375,2.120625,-73.965146375,40.777341875,-73.959677625,40.781248125
319,2010-01-08 14:00:51,2010-01-16 08:00:50,0,13.2,-73.96476775000001,40.77707175,-73.95383025,40.78488425
320,2010-01-28 19:34:14,2010-01-28 22:28:36,0,4.825,-73.98627659374999,40.76734171875,-73.98490940625,40.76831828125
321,2010-01-06 20:12:00,2010-01-06 20:17:00,0.7574999999999998,3.8825,-73.9831458984375,40.7614799296875,-73.9828041015625,40.7617240703125
322,2010-01-25 13:30:00,2010-01-25 13:40:53,0,5.325,-74.012423,40.71827,-73.96867300000001,40.74952
323,2010-01-19 15:35:00,2010-01-21 14:04:59,0,2.5225,-74.30800199999999,40.524657,-73.608002,41.024657
324,2010-01-07 23:14:00,2010-01-31 23:59:59,2.819375,3.600625,-74.087705,40.670228,-73.91270499999999,40.795228
325,2010-01-03 16:09:00,2010-01-03 16:19:53,0,25.5,-73.9723271875,40.7974364375,-73.96959281250001,40.7993895625
326,2010-01-09 12:03:00,2010-01-09 12:13:53,1.581171875,1.678828125,-74.08532199999999,40.654383,-73.91032200000001,40.779383
327,2010-01-21 17:35:00,2010-01-21 18:18:35,0.82234375,1.01765625,-73.94660379687501,40.772837859375,-73.945920203125,40.773326140625
328,2010-01-24 18:56:00,2010-01-24 19:01:00,0.12749999999999995,3.2525,-74.165623,40.64342,-73.815623,40.89342
329,2010-01-27 13:51:00,2010-01-31 23:59:59,0,2.6125,-0.00017089843749999722,-0.0001220703125,0.00017089843749999722,0.0001220703125
330,2010-01-12 22:16:00,2010-01-16 19:15:59,2.381171875,2.478828125,-73.98555375000001,40.75081175,-73.97461625,40.75862425
331,2010-01-08 12:33:00,2010-01-08 12:54:47,0.06937500000000002,0.850625,-73.95454679687501,40.766027859375,-73.953863203125,40.766516140625
332,2010-01-09 15:18:39,2010-01-09 16:02:14,0.909375,1.690625,-73.9661405,40.7652275,-73.9442655,40.7808525
333,2010-01-07 15:33:00,2010-01-08 14:47:59,0,27.6,-73.978154796875,40.737527859375,-73.97747120312499,40.738016140625
334,2010-01-25 23:55:00,2010-01-31 23:59:59,0,27.31,-73.873714375,40.771846875,-73.868245625,40.775753125
335,2010-01-02 11:43:44,2010-01-17 23:43:43,1.3046875,1.6953125,-74.166961,40.61981,-73.816961,40.86981
336,2010-01-15 09:01:33,2010-01-17 07:31:32,0.30937499999999996,1.090625,-74.333878,40.511986,-73.63387800000001,41.011986
337,2010-01-12 20:14:00,2010-01-20 14:13:59,0.76875,2.33125,-74.15382799999999,40.625858,-73.803828,40.875858
338,2010-01-29 17:16:00,2010-01-31 23:59:59,0,13.5,-73.984032,40.757747,-73.94028200000001,40.788997
339,2010-01-03 13:30:54,2010-01-07 10:30:53,1.7374999999999998,4.8625,-73.98199975,40.74792975,-73.97106224999999,40.75574225
340,2010-01-03 09:25:00,2010-01-03 12:19:22,1.5074999999999998,4.6325,-73.9543255,40.8082205,-73.9324505,40.8238455
341,2010-01-02 09:43:48,2010-01-02 21:21:17,2.31875,3.88125,-73.9684655,40.7579545,-73.9465905,40.7735795
342,2010-01-06 09:07:00,2010-01-07 08:21:59,0,7.96,-73.99665675,40.75168375,-73.98571924999999,40.75949625
343,2010-01-31 15:52:00,2010-01-31 16:02:53,0.9793750000000001,1.760625,-73.98668675,40.77710675,-73.97574924999999,40.78491925
344,2010-01-31 17:38:15,2010-01-31 20:32:37,0,13.4,-73.9824488984375,40.7683099296875,-73.98210710156249,40.7685540703125
345,2010-01-12 12:26:11,2010-01-20 06:26:10,0,1.08125,-73.97464559375,40.76016371875,-73.97327840625,40.76114028125
346,2010-01-18 10:29:00,2010-01-19 09:43:59,1.781171875,1.878828125,-73.99277289843751,40.7453199296875,-73.9924311015625,40.7455640703125
347,2010-01-09 15:55:00,2010-01-10 15:09:59,1.70234375,1.89765625,-74.02963,40.707807,-73.98588000000001,40.739057
348,2010-01-17 21:38:00,2010-01-25 15:37:59,0,27.22,-74.00510737500001,40.743198875,-73.999638625,40.747105125
349,2010-01-25 11:12:00,2010-01-25 12:39:11,0,27.1,-74.024337,40.724815,-73.936837,40.787315
350,2010-01-23 02:44:00,2010-01-26 23:43:59,1.29234375,1.48765625,-73.964044375,40.709386875,-73.958575625,40.713293125
351,2010-01-20 08:16:00,2010-01-20 14:04:44,0.77234375,0.96765625,-73.985471796875,40.754948859375,-73.98478820312499,40.755437140625
352,2010-01-11 11:20:15,2010-01-12 10:35:14,0,2.3625,-74.04897499999998,40.717518,-73.873975,40.842518
353,2010-01-12 20:17:00,2010-01-12 21:44:11,0,12.79,-73.97036679687501,40.768110859375,-73.969683203125,40.768599140625
354,2010-01-21 19:41:00,2010-01-31 23:59:59,0.26937500000000003,1.0506250000000001,-73.9739925,40.7509075,-73.9521175,40.7665325
355,2010-01-09 13:51:46,2010-01-09 19:40:30,0,19.4,-74.01055259374999,40.70939771875,-74.00918540625,40.71037428125
356,2010-01-13 17:47:22,2010-01-13 18:09:09,0.4375,3.5625,-73.989877375,40.742912875,-73.984408625,40.746819125
357,2010-01-31 12:13:00,2010-01-31 23:59:59,1.0999999999999996,13.6,-73.78674659375,40.64005871875,-73.78537940625,40.64103528125
358,2010-01-19 08:34:15,2010-01-19 20:11:44,0,2.5625,-74.01523,40.71532,-73.92773,40.77782
359,2010-01-30 18:16:56,2010-01-30 18:38:43,0.6500000000000004,13.15,-73.9887118984375,40.6957339296875,-73.9883701015625,40.6959780703125
360,2010-01-09 10:55:00,2010-01-09 22:32:29,0.52234375,0.71765625,-73.97146659375,40.78288871875,-73.97009940625,40.78386528125
361,2010-01-20 12:42:18,2010-01-20 13:04:05,0.809375,1.590625,-73.979541,40.752934,-73.93579100000001,40.784184
362,2010-01-29 11:41:00,2010-01-29 11:51:53,0.0674999999999999,3.1925,-73.98705575000001,40.76440175,-73.97611825,40.77221425
363,2010-01-22 15:23:00,2010-01-22 15:28:26,0,1.4612500000000002,-74.125332,40.658733,-73.775332,40.908733
364,2010-01-04 21:21:00,2010-01-20 09:20:59,1.221171875,1.318828125,-74.02972700000001,40.729318,-73.942227,40.791818
365,2010-01-31 11:21:00,2010-01-31 23:59:59,1.40875,2.97125,-74.141443,40.639452,-73.791443,40.889452
366,2010-01-25 15:12:03,2010-01-25 21:00:47,0,7.35,-73.98188879687501,40.770179859375,-73.981205203125,40.770668140625
367,2010-01-16 01:54:00,2010-01-16 01:59:26,2.2446875,2.6353125,-74.157845,40.64664,-73.807845,40.89664
368,2010-01-07 19:03:00,2010-01-07 19:46:35,0,3.765,-74.05889300000001,40.701838,-73.883893,40.826838
369,2010-01-20 08:12:10,2010-01-20 08:55:45,0,5.325,-74.155718,40.563484,-73.805718,40.813484
370,2010-01-06 09:30:00,2010-01-06 12:24:22,0,10.4,-74.185315,40.589555,-73.83531500000001,40.839555
371,2010-01-10 18:43:00,2010-01-26 06:42:59,0,8.48,-74.01814859375,40.70789371875,-74.01678140625,40.70887028125
372,2010-01-01 18:13:00,2010-01-03 16:42:59,0,38.85,-0.010937499999999822,-0.0078125,0.010937499999999822,0.0078125
373,2010-01-20 05:40:09,2010-01-31 23:59:59,3.9046874999999996,4.2953125,-73.9995088984375,40.7334389296875,-73.99916710156249,40.7336830703125
374,2010-01-14 03:54:00,2010-01-14 09:42:44,0,19.18,-74.00947479687501,40.712903859375,-74.008791203125,40.713392140625
375,2010-01-28 20:56:51,2010-01-28 21:07:44,0.009375000000000022,0.790625,-74.344763,40.505157,-73.64476300000001,41.005157
376,2010-01-25 06:51:00,2010-01-25 12:39:44,8.23234375,8.42765625,-73.7930425,40.6370375,-73.7711675,40.6526625
377,2010-01-25 21:32:13,2010-01-27 20:02:12,3.6187500000000004,5.18125,-73.99368018749999,40.7235374375,-73.9909458125,40.7254905625
378,2010-01-28 09:46:55,2010-01-28 12:41:17,0.5046875,0.8953125,-74.07746499999999,40.69392,-73.902465,40.81892
379,2010-01-15 19:06:00,2010-01-15 20:33:11,1.33875,2.90125,-73.973706375,40.750168875,-73.968237625,40.754075125
380,2010-01-14 11:53:00,2010-01-22 05:52:59,0,2.6225,-74.066542,40.702643,-73.89154200000002,40.827643
381,2010-01-12 17:49:14,2010-01-16 14:49:13,1.209375,1.990625,-73.97877675000001,40.75974775,-73.96783925,40.76756025
382,2010-01-18 13:38:28,2010-01-18 13:49:21,4.6375,7.7625,-74.06205299999999,40.691501,-73.88705300000001,40.816501
383,2010-01-03 12:41:00,2010-01-05 11:10:59,0.701171875,0.798828125,-73.98376675,40.74950175,-73.97282924999999,40.75731425
384,2010-01-10 20:30:49,2010-01-12 19:00:48,1.11875,2.68125,-74.07821799999999,40.655807,-73.90321800000001,40.780807
385,2010-01-04 19:15:33,2010-01-31 23:59:59,1.709375,2.490625,-73.990593796875,40.756434859375,-73.98991020312499,40.756923140625
386,2010-01-17 01:40:00,2010-01-19 00:09:59,0,13.64,-73.98521518749999,40.7537484375,-73.9824808125,40.7557015625
387,2010-01-26 00:23:04,2010-01-26 23:38:03,1.051171875,1.148828125,-73.7778251875,40.6440834375,-73.77509081250001,40.6460365625
388,2010-01-21 13:51:06,2010-01-23 12:21:05,2.6375,5.7625,-73.988014796875,40.728472859375,-73.987331203125,40.728961140625
389,2010-01-11 19:39:00,2010-01-31 23:59:59,0,12.95,-73.973573796875,40.792550859375,-73.97289020312499,40.793039140625
390,2010-01-02 21:54:00,2010-01-04 20:23:59,0,4.595,-74.0083958984375,40.7374009296875,-74.0080541015625,40.7376450703125
391,2010-01-16 23:50:32,2010-01-20 20:50:31,0,14.6,-73.9803041875,40.7405194375,-73.97756981250001,40.7424725625
392,2010-01-28 15:33:41,2010-01-28 16:17:16,0.018750000000000044,1.58125,-74.001254796875,40.731621859375,-74.00057120312499,40.732110140625
393,2010-01-29 22:09:00,2010-01-31 23:59:59,4.39234375,4.58765625,-73.99361375000001,40.72568875,-73.98267625,40.73350125
394,2010-01-01 13:18:23,2010-01-02 12:33:22,4.0375,7.1625,-74.346711,40.513457,-73.64671100000001,41.013457
395,2010-01-03 13:37:00,2010-01-03 16:31:22,0,13.1,-73.98812518749999,40.7334014375,-73.9853908125,40.7353545625
396,2010-01-25 13:25:00,2010-01-31 23:59:59,9.18234375,9.37765625,-74.16300199999999,40.618625,-73.813002,40.868625
397,2010-01-22 07:37:00,2010-01-22 09:04:11,0,3.735,-74.13568699999999,40.650498,-73.785687,40.900498
398,2010-01-12 13:46:40,2010-01-12 13:52:06,0,27.1,-73.9493691875,40.8028304375,-73.94663481250001,40.8047835625
399,2010-01-28 17:18:23,2010-01-28 18:01:58,2.0046875,2.3953125,-74.31802099999999,40.505816,-73.618021,41.005816
400,2010-01-13 19:55:38,2010-01-21 13:55:37,0,2.4625,-73.98361518749999,40.7675214375,-73.9808808125,40.7694745625
401,2010-01-13 08:09:00,2010-01-13 19:46:29,3.0546875,3.4453125,-73.97323589843751,40.7544329296875,-73.9728941015625,40.7546770703125
402,2010-01-20 11:14:00,2010-01-20 14:08:22,0,2.1925,-74.025308,40.723578,-73.981558,40.754828
403,2010-01-22 19:35:24,2010-01-23 18:50:23,2.01875,3.58125,-73.97944759375,40.74432471875,-73.97808040625,40.74530128125
404,2010-01-30 22:54:28,2010-01-31 23:59:59,0,5.125,-74.178844,40.613452,-73.828844,40.863452
405,2010-01-05 19:57:09,2010-01-05 20:08:02,0,1.7625,-73.994290375,40.747682875,-73.988821625,40.751589125
406,2010-01-17 12:50:00,2010-01-18 12:04:59,2.53875,4.10125,-74.0074608984375,40.7439029296875,-74.0071191015625,40.7441470703125
407,2010-01-22 17:47:21,2010-01-22 17:52:21,0.9375,4.0625,-73.97936275,40.74744975,-73.96842525,40.75526225
408,2010-01-08 19:10:00,2010-01-09 18:24:59,0,27.82,-73.97326749999999,40.7711895,-73.9513925,40.7868145
409,2010-01-20 17:53:40,2010-01-20 18:15:27,1.1375000000000002,4.2625,-73.94736318749999,40.7744884375,-73.9446288125,40.7764415625
410,2010-01-09 16:52:00,2010-01-09 22:40:44,0,13.26,-73.954671796875,40.781180859375,-73.953988203125,40.781669140625
411,2010-01-26 11:59:56,2010-01-30 08:59:55,1.409375,2.190625,-74.05623299999999,40.704754,-73.88123300000001,40.829754
412,2010-01-30 13:06:11,2010-01-31 23:59:59,0,12.9,-73.97307289843751,40.7553529296875,-73.9727311015625,40.7555970703125
413,2010-01-24 04:55:10,2010-01-28 01:55:09,1.90234375,2.09765625,-73.985571796875,40.727633859375,-73.984888203125,40.728122140625
414,2010-01-10 19:06:29,2010-01-11 00:55:13,0,26.9,-74.01241599999999,40.73567,-73.968666,40.76692
415,2010-01-16 20:44:39,2010-01-16 21:06:26,0,2.3625,-74.17878,40.604884,-73.82878000000001,40.854884
416,2010-01-05 13:42:03,2010-01-06 01:19:32,2.551171875,2.648828125,-73.996628796875,40.725527859375,-73.99594520312499,40.726016140625
417,2010-01-17 10:40:00,2010-01-31 23:59:59,11.579375,12.360625,-73.977924796875,40.754468859375,-73.97724120312499,40.754957140625
418,2010-01-01 09:53:02,2010-01-01 11:20:13,0.3046875,0.6953125,-73.99012659374999,40.77392971875,-73.98875940625,40.77490628125
419,2010-01-01 15:40:00,2010-01-09 09:39:59,2.36234375,2.55765625,-73.98653718749999,40.7472254375,-73.9838028125,40.7491785625
420,2010-01-15 21:50:00,2010-01-15 23:17:11,3.14234375,3.33765625,-74.30579499999999,40.529788,-73.605795,41.029788
421,2010-01-19 08:54:00,2010-01-19 09:15:47,0,26.91,-73.972739796875,40.749810859375,-73.97205620312499,40.750299140625
422,2010-01-29 06:36:28,2010-01-29 18:13:57,0.6187499999999999,2.18125,-74.002121375,40.742210875,-73.996652625,40.746117125
423,2010-01-31 01:17:00,2010-01-31 02:44:11,0,7.65,-73.97907459375,40.74114471875,-73.97770740625,40.74212128125
424,2010-01-18 23:31:36,2010-01-18 23:36:36,0,29.1,-73.99122989843751,40.7511329296875,-73.9908881015625,40.7513770703125
425,2010-01-25 22:16:00,2010-01-26 04:04:44,0,10.120000000000001,-74.006814796875,40.739043859375,-74.006131203125,40.739532140625
426,2010-01-27 21:03:30,2010-01-27 22:30:41,0.8046875,1.1953125,-73.988872375,40.750606875,-73.983403625,40.754513125
427,2010-01-27 19:51:00,2010-01-29 18:20:59,0,6.53,-74.07933700000001,40.66356,-73.904337,40.78856
428,2010-01-17 13:09:26,2010-01-19 11:39:25,3.10234375,3.29765625,-73.99158675000001,40.75354175,-73.98064925,40.76135425
429,2010-01-16 11:05:00,2010-01-31 23:04:59,1.941171875,2.038828125,-73.98544389843751,40.7688559296875,-73.9851021015625,40.7691000703125
430,2010-01-19 13:37:21,2010-01-19 14:20:56,5.80234375,5.99765625,-74.01154159375,40.70919671875,-74.01017440625,40.71017328125
431,2010-01-06 15:52:29,2010-01-22 03:52:28,0,7.05,-74.004553,40.735704,-73.96080300000001,40.766954
432,2010-01-31 21:29:40,2010-01-31 23:59:59,0,4.525,-73.99963059375,40.73883171875,-73.99826340625,40.73980828125
433,2010-01-17 19:53:10,2010-01-17 21:20:21,0.7374999999999998,3.8625,-73.9817768984375,40.7324199296875,-73.9814351015625,40.7326640703125
434,2010-01-31 18:17:06,2010-01-31 18:27:59,0,14.0,-73.986604796875,40.726058859375,-73.98592120312499,40.726547140625
435,2010-01-02 22:42:03,2010-01-02 22:47:03,0.30234375,0.49765625,-74.003722,40.743219,-73.95997200000001,40.774469
436,2010-01-27 09:16:00,2010-01-29 07:45:59,2.451171875,2.548828125,-73.988234796875,40.775420859375,-73.987551203125,40.775909140625
437,2010-01-02 03:53:00,2010-01-02 04:14:47,0,31.94,-74.0146595,40.7353345,-73.9927845,40.7509595
438,2010-01-29 20:40:45,2010-01-29 20:46:11,0,2.3625,-74.044605,40.699575,-73.957105,40.762075
439,2010-01-16 23:44:00,2010-01-17 22:58:59,0,18.95,-74.04800499999999,40.707105,-73.873005,40.832105
440,2010-01-04 16:15:00,2010-01-31 23:59:59,0.02750000000000008,3.1525,-74.07529,40.68741,-73.90029000000001,40.81241
441,2010-01-08 20:22:00,2010-01-12 17:21:59,2.10234375,2.29765625,-74.051732,40.692157,-73.964232,40.754657
442,2010-01-18 09:41:00,2010-01-18 09:46:26,1.03234375,1.22765625,-73.980507375,40.751149875,-73.975038625,40.755056125
443,2010-01-22 06:55:00,2010-01-22 07:38:35,2.15234375,2.34765625,-74.153787,40.627952,-73.803787,40.877952
444,2010-01-01 02:53:46,2010-01-02 02:08:45,0.7046875,1.0953125,-74.151555,40.619003,-73.80155500000001,40.869003
445,2010-01-31 07:42:16,2010-01-31 19:19:45,0,25.5,-74.0036085,40.7485075,-73.9817335,40.7641325
446,2010-01-10 14:13:02,2010-01-12 12:43:01,0.809375,1.590625,-73.97707737500001,40.748310875,-73.971608625,40.752217125
447,2010-01-15 19:42:04,2010-01-31 07:42:03,0,1.38125,-73.994006796875,40.724134859375,-73.99332320312499,40.724623140625
448,2010-01-16 03:04:00,2010-01-31 15:03:59,0,14.26,-74.009257375,40.737831875,-74.003788625,40.741738125
449,2010-01-27 07:45:00,2010-01-31 23:59:59,0,5.545,-73.99743799999999,40.713052,-73.953688,40.744302
450,2010-01-15 21:23:00,2010-01-23 15:22:59,2.091171875,2.188828125,-74.070482,40.679153,-73.89548200000002,40.804153
451,2010-01-24 19:24:00,2010-01-24 19:29:00,1.6075,4.7325,-73.95336979687501,40.771632859375,-73.952686203125,40.772121140625
452,2010-01-10 10:42:00,2010-01-25 22:41:59,1.649375,2.430625,-73.99049479687501,40.729947859375,-73.989811203125,40.730436140625
453,2010-01-11 19:21:00,2010-01-11 20:48:11,0,29.6,-73.94637859375,40.77310471875,-73.94501140625,40.77408128125
454,2010-01-23 02:53:00,2010-01-23 03:36:35,4.231171875,4.328828125,-73.9921695,40.7215105,-73.97029450000001,40.7371355
455,2010-01-23 12:05:33,2010-01-27 09:05:32,0,26.2,-74.16569199999999,40.63161,-73.815692,40.88161
456,2010-01-01 23:30:00,2010-01-02 00:57:11,1.669375,2.450625,-73.9819175,40.7537925,-73.9600425,40.7694175
457,2010-01-15 14:50:00,2010-01-16 14:04:59,0.7746875,1.1653125,-73.96683659375,40.76165671875,-73.96546940625001,40.76263328125
458,2010-01-10 11:14:00,2010-01-31 23:59:59,2.04875,3.61125,-73.99665449999999,40.7552025,-73.9747795,40.7708275
459,2010-01-28 00:08:26,2010-01-28 01:35:37,3.109375,3.890625,-73.9981355,40.7390995,-73.97626050000001,40.7547245
460,2010-01-30 23:59:00,2010-01-31 23:13:59,1.5946875,1.9853125,-73.98294059375,40.77186671875,-73.98157340625,40.77284328125
461,2010-01-30 21:44:49,2010-01-31 23:59:59,0,26.1,-73.99917437500001,40.746315875,-73.993705625,40.750222125
462,2010-01-28 20:02:00,2010-01-28 20:45:35,4.075,10.325,-74.362782,40.45225,-73.662782,40.95225
463,2010-01-29 19:12:39,2010-01-29 19:18:05,0.009375000000000022,0.790625,-73.9636835,40.7728795,-73.94180850000001,40.7885045
464,2010-01-28 15:54:00,2010-01-30 14:23:59,1.2546875,1.6453125,-73.968497375,40.763558875,-73.96302862499999,40.767465125
465,2010-01-19 19:05:00,2010-01-27 13:04:59,0,8.24,-73.9941475,40.7338655,-73.9722725,40.7494905
466,2010-01-24 00:29:00,2010-01-24 00:50:47,2.6746875,3.0653125,-74.35535999999999,40.470432,-73.65536,40.970432
467,2010-01-14 15:05:00,2010-01-14 17:59:22,0.6074999999999999,3.7325,-73.96397659374999,40.75659671875,-73.96260940625,40.75757328125
468,2010-01-19 22:46:00,2010-01-23 19:45:59,4.28234375,4.47765625,-73.980867375,40.753203875,-73.975398625,40.757110125
469,2010-01-10 02:42:30,2010-01-10 03:26:05,5.2046875,5.5953125,-73.98011989843751,40.7836399296875,-73.9797781015625,40.7838840703125
470,2010-01-17 18:34:00,2010-01-17 19:17:35,0,1.26125,-73.978869796875,40.758315859375,-73.97818620312499,40.758804140625
