0,0.0003584950204167286,0.11200850702630062,2.959433564415771e-05,4.909969322780711e-05,0.0,3.362992686836103e-06,0.0
1,0.0015859873511119063,0.5122019463656474,0.0006282070339009841,0.00430530323768758,4.035591224203324e-06,0.0024583476540771913,3.362992686836103e-06
2,0.9812950346758176,0.08154181107917763,0.08003989854523662,0.0008629439234421441,0.0008468015585453308,7.129544496092539e-05,6.995024788619095e-05
3,0.02242174484167367,0.9922213979153481,0.02232892624351699,0.013502415637646955,0.00024549846613903555,0.013345027579903026,0.00024348067052693388
4,0.9812983976685045,0.07695065346310898,0.0751548153683385,0.499193218054428,0.48958985613789885,0.037384371903944856,0.03648914325070909
5,0.967104550734444,0.14371345688071666,0.14052870280628288,0.029260726769623567,0.02821012785425597,0.004461346098356775,0.0043584385221395894
6,0.968036772307235,0.020297006062130616,0.01979793794740414,0.21608505950142962,0.20944180374785357,0.0043907232519332165,0.004284452683029195
7,0.0011413997179121735,0.2126157962456895,0.00021186853927067451,0.06547948540831103,9.012820400720757e-05,0.014975406434481168,1.9505357583649398e-05
8,0.002634568470867403,0.46396923265250667,0.0013613394396312546,0.015346680827107873,5.7843474213580975e-05,0.006730693563433777,3.026693418152493e-05
9,0.008270944214004712,0.940357997297499,0.00795684069705422,0.002399158982788876,1.7487561971547738e-05,0.002234372341133907,1.6814963434180516e-05
10,0.9347875362110237,0.3047893724050308,0.2934661760284536,0.5093360039979257,0.4762757680907147,0.1570874061977265,0.15119073482062806
11,0.0010115882002002998,0.944345161427012,0.0009819938645561422,0.00021388633488277615,0.0,0.00020716034950910397,0.0
12,0.018164868698676527,0.8226586340465344,0.0150547730618905,0.00013855529869764746,0.0,0.0001203951381887325,0.0
13,0.08449451865821972,0.284622177860612,0.02436959020588914,0.014935050522239134,0.0012422894985172565,0.004094107296954272,0.0003679113999398697
14,0.8892445440488145,0.5079215292738425,0.4716341655843435,0.5002303649990483,0.44486070820590395,0.2554361095286362,0.23713470332687414
15,0.012936760267721122,0.265097314919379,0.0035190355475052983,0.0028666149662590944,3.9010715167298795e-05,0.0008333495877979863,1.008897806050831e-05
16,0.44347717301453954,0.011157737136384823,0.004720296535243154,0.004405520419755295,0.0028915011121416817,2.5558744419954385e-05,1.6142364896813295e-05
17,0.4136380115027802,0.0629397533312124,0.02772383911173947,0.5111029203555894,0.2122317424808528,0.032140793706630005,0.014283975138067664
18,0.00011232395574032584,0.09207941236410987,7.398583911039427e-06,0.0004600573995591789,6.725985373672207e-07,2.8921737106790488e-05,0.0
19,0.004589812418993914,0.8529174970456109,0.004139843997495243,0.1325241076130756,0.0005723813552995047,0.11341760096208495,0.0005172282752353926
20,0.0006746163329793223,0.999802256030014,0.000673943734441955,0.00203999136383478,1.3451970747344413e-06,0.002039318765297413,1.3451970747344413e-06
21,0.0072062207293524016,0.6925962370802229,0.005836137508735373,0.1865357879592755,0.0013431792791223397,0.12937365606404752,0.0010808658495491236
22,0.02130792166379355,0.9996771527020637,0.021305903868181448,0.032092366611939566,0.0006194632529152103,0.03208093243680432,0.0006194632529152103
23,0.9669505256693869,0.033515585117008605,0.032784470506890435,0.5003500875386996,0.48372277909644457,0.016675735536945503,0.01630580634139353
24,0.9673345794342235,0.1502585132478371,0.14695739962643878,0.0002771105973952949,0.00026298602811058324,3.9010715167298795e-05,3.8338116629931574e-05
25,0.046572067924381094,0.9998116724095372,0.04656735973461952,0.0005562389904026915,3.295732833099381e-05,0.0005562389904026915,3.295732833099381e-05
26,0.0029190776521737377,0.9071820744418609,0.002688376353856781,0.0032513413296331446,1.816016050891496e-05,0.0030280386152272275,1.6814963434180516e-05
27,0.005552973524503774,0.9996784978991384,0.0055523009259664064,0.003375099460508713,1.6142364896813295e-05,0.003375099460508713,1.6142364896813295e-05
28,0.21554832586861056,0.9808961837431588,0.21394754134967658,0.13889630615609264,0.02940264506100805,0.13651127174258848,0.029208936682246292
29,0.00015402506505709352,0.0960141138077081,1.6814963434180516e-05,0.000143263488459218,0.0,9.416379523141088e-06,0.0
30,0.008766649336044353,0.5079215292738425,0.004388705456321114,0.0001923631816870251,0.0,0.00010358017475455198,0.0
31,0.00016411404311760184,0.3246633139871574,5.582567860147931e-05,0.005405001846282985,0.0,0.0013458696732718085,0.0
32,0.05113161340919348,0.9820274944830105,0.050756976023879935,0.00016411404311760184,9.416379523141088e-06,0.00016142364896813295,9.416379523141088e-06
33,0.04255732725483615,0.01012529838152614,0.00015738805774392962,0.006011013128450851,0.00023070129831695668,4.5736700540971e-05,0.0
34,4.035591224203324e-06,0.936590100291168,4.035591224203324e-06,0.005487731466379153,0.0,0.005286624503706355,0.0
35,0.00025558744419954384,0.9504483205550821,0.0002488614588258716,0.0053337064013220595,0.0,0.005102332504467736,0.0
36,0.9673984762952734,0.022016840522178602,0.021572925487516235,0.009104293801802698,0.008845343364916318,0.00018765499192545455,0.000182946802163884
37,0.9812869634933692,0.9997861136651173,0.9810804757423974,0.036131993427367094,0.035474864656359316,0.036123922244918685,0.035466793473910914
38,0.43927948554283075,0.243350859009222,0.10487627213605862,0.129971596163767,0.055770525521415204,0.03251341329633144,0.013841405300480034
39,0.9813125222377891,0.029483356885492116,0.028939224668762035,0.004880374987136553,0.004787556388979876,0.00015537026213182796,0.0001533524665197263
40,0.96756797112669,0.06360293548905649,0.062168282808852206,0.012882952384731744,0.01250898759795557,0.0005939045084952558,0.0005764169465237081
41,0.0013223287244639558,0.6443863917173526,0.0010277305650971131,0.002881412134081173,3.362992686836103e-06,0.0017608629708273837,3.362992686836103e-06
42,0.0010136059958124016,0.17727881428949044,0.00013586490454817857,0.00905788450272436,8.071182448406648e-06,0.0012873536005208602,6.725985373672207e-07
43,0.061877047642172195,0.02427475381212036,0.0015066207237025742,0.00013182931332397525,5.380788298937765e-06,2.017795612101662e-06,0.0
44,0.010700370130975113,0.9996522665561811,0.010676829182167261,0.0008763958941894885,1.076157659787553e-05,0.0008757232956521213,1.076157659787553e-05
45,0.00014460868553395245,0.11821188333643849,2.017795612101662e-05,0.21390045945206088,3.632032101782992e-05,0.025118864976516223,5.380788298937765e-06
46,0.7749048104919991,0.930511154710443,0.7420255035913399,0.1270000558256786,0.0983043118274435,0.11847285156893698,0.09423979886613339
47,0.04642880443592187,0.30246487185988963,0.015477837541894482,0.15231868256779288,0.0064159174479459175,0.04555846192856869,0.0021052334219594008
48,0.28912993325804714,0.9816010670103197,0.2865390836921086,0.0021960342245039752,0.0007869402887196482,0.002168457684471919,0.0007829046974954448
49,0.9813118496392518,0.10239303833609883,0.10045528194994387,0.0337106386928451,0.03308646725016832,0.004139843997495243,0.004069893749609052
50,0.132347214197748,0.02967908305986598,0.004412246405128968,0.0003558046262672597,4.977229176517433e-05,1.2779372209977193e-05,1.3451970747344413e-06
51,0.03650259522145643,0.057347096493003964,0.001377481804528068,0.0003154487140252265,1.3451970747344412e-05,1.6814963434180516e-05,6.725985373672207e-07
52,0.0007250612232818639,0.0009961184338408537,6.725985373672207e-07,0.0005912141143457869,6.725985373672207e-07,1.3451970747344413e-06,0.0
53,0.00010358017475455198,0.1218149937011147,2.152315319575106e-05,0.0006120646690041708,6.725985373672207e-07,8.205702155880092e-05,0.0
54,0.0012308553233820138,0.486159603597326,0.000503103705950681,0.24521664735187867,0.0002993063491284132,0.12110271185004282,0.0001244307294129358
55,0.008480122359125918,0.12289182395943962,0.0009719048864956338,0.00018832759046282177,4.035591224203324e-06,2.017795612101662e-05,0.0
56,0.041126710165856076,0.15321794681225287,0.0065968464544977,0.1282006442148791,0.005724486151532415,0.01979524755325467,0.0009705596894208993
57,0.9813125222377891,0.004174819121438338,0.004090071705730069,0.032182494815946774,0.03159195330013835,0.00011434175135242751,0.0001109787586655914
58,0.005109731088378775,0.9818277327174124,0.0050801367527346175,0.3523474697851922,0.0018173612479662302,0.3466700655312755,0.0018113078611299252
59,0.03335079847535363,0.029626620373951335,0.0009732500835703682,0.0012994603741934704,4.3718904928869344e-05,3.228472979362659e-05,2.017795612101662e-06
60,0.0002999789476657804,0.5716058491859204,0.00012308553233820137,0.004972520986755862,2.6903941494688827e-06,0.002859888980885422,6.725985373672207e-07
61,0.000969214492346165,0.9858189324381496,0.0009645063025845944,0.001615581686756064,1.3451970747344413e-06,0.0016048201101581884,1.3451970747344413e-06
62,0.7220728679803413,0.06268147549286339,0.04929541940218097,0.009320197932297576,0.007249939634281271,0.0006947942891003389,0.0005878511216589508
63,0.000573053953836872,0.8793721427173384,0.00048696134105386777,0.0021624042976356142,2.6903941494688827e-06,0.0019229592183328838,2.6903941494688827e-06
64,0.00044458763319973286,0.94543140806486,0.00042508227561608347,0.12964807626729336,4.170110931676768e-05,0.12263489131816534,3.968331370466602e-05
65,0.029898350183047692,0.04156591701075687,0.0011790652360047379,0.0065625439290919714,0.00017151262702864127,0.0002475162617511372,8.071182448406648e-06
66,0.9379278987819913,0.026564951831855747,0.02560044552927115,0.12404667564809914,0.11629632270201665,0.003284298657964138,0.003167939110999609
67,0.7154679503433952,0.9997692987016831,0.7153872385189111,0.00017622081679021182,0.00012913891917450636,0.00017622081679021182,0.00012913891917450636
68,0.9812809101065328,0.928824277578726,0.9113474771837761,3.9010715167298795e-05,3.766551809256435e-05,3.632032101782992e-05,3.4975123943095475e-05
69,0.0022115039908634213,0.03762314438471022,7.398583911039426e-05,0.011876744972830382,3.093953271889215e-05,0.0004109577063313718,6.725985373672207e-07
70,0.0005710361582247703,0.03854056878967911,2.28683502704855e-05,0.011195402654477387,5.380788298937765e-06,0.00044256983758763117,6.725985373672207e-07
71,0.0010694316744138809,0.11571856055841821,0.00011635954696452917,0.05008303228943798,6.725985373672207e-05,0.005515980604948577,1.008897806050831e-05
72,0.007855950916449137,0.18699046457053575,0.0015765709715887652,0.0007432213837907789,8.743780985773869e-06,0.00016209624750550017,2.017795612101662e-06
73,0.9670796645885614,0.8899494273159754,0.8688910397095451,0.0643495198655341,0.062278588968980426,0.05700743423163352,0.05561919085050758
74,0.8830398225416018,0.008631457030033542,0.0046597626668801045,0.4927732650152579,0.43493517158997586,0.004170110931676768,0.0022666570709275334
75,0.6896139351655366,0.06268147549286339,0.04564522713988906,0.00028181878715686544,0.000182946802163884,1.5469766359446074e-05,8.071182448406648e-06
76,0.0007815595004207104,0.12428679332593923,0.00012577592648767026,0.00018967278753755621,0.0,2.4213547345219943e-05,0.0
77,0.0,0.03352029330677018,0.0,0.22691994933987816,0.0,0.007490729910658737,0.0
78,0.04402493726337143,0.9829798940119224,0.043365790696751554,0.13347247155076336,0.005859005859005859,0.13149906744212794,0.005780984428671261
79,0.4088639070845477,0.03352029330677018,0.014263124583409281,0.0005199186693848615,0.00023271909392905834,1.4124569284711633e-05,6.725985373672206e-06
80,0.00035311423211779083,0.13691819385769563,6.053386836304986e-05,0.001103061601282242,0.0,0.00016814963434180516,0.0
81,0.9682224095035483,0.031212607725063242,0.030570276121877547,0.0011198765647164224,0.0010875918349227958,2.7576540032056045e-05,2.6903941494688824e-05
82,0.0023292087349026853,0.052647650512419195,9.080080254457478e-05,7.062284642355817e-05,0.0,1.076157659787553e-05,0.0
83,0.000292580363754741,0.8941188656491148,0.00027912839300739655,0.017135120337967314,6.053386836304986e-06,0.015150954652734012,5.380788298937765e-06
84,0.9675827682945121,0.2612641758549232,0.2556681560240279,0.04283578304930618,0.04147108061698809,0.010345910701782588,0.01012731617713824
85,0.01956992704323665,0.9996919498698859,0.019565891452012447,0.026585129787976763,0.0005717087567621375,0.026572350415766787,0.0005717087567621375
86,0.04647319593938811,0.9355159604269925,0.04434845715984506,0.28737848666674287,0.013337628995991986,0.2698996684761809,0.012741706691884628
87,0.019479798839229446,0.9972356200114207,0.019465674269944732,0.07156650217148437,0.002164422093247716,0.07141314970496465,0.0021630768961729816
88,0.006377579331315986,0.0016566101975354645,0.00019370837876175954,0.00029594335644157706,5.380788298937765e-06,1.3451970747344413e-06,0.0
89,0.981295707274355,0.13221134929319983,0.1297146635224927,0.03777447905561784,0.03704740003672388,0.005692201421738788,0.00557315148062479
90,0.03567260862634528,0.1487687074875687,0.0055691158894005865,0.00013182931332397525,4.708189761570544e-06,2.017795612101662e-05,1.3451970747344413e-06
91,0.09703242799328209,0.8290456297573735,0.0823919756304098,0.00014460868553395245,8.743780985773869e-06,0.0001331745103987097,8.743780985773869e-06
92,0.5020605056192244,0.06698812392762571,0.03522533059899608,0.13220193291367668,0.06394192515188957,0.008973137087016091,0.004539367528691372
93,0.13816788194012394,0.011607032959346127,0.0007983744638548909,0.0001567154592065624,2.4886145882587164e-05,6.725985373672207e-07,0.0
94,0.0010284031636344803,0.2649950799416992,0.0003040145388899837,0.0005051215015627827,6.725985373672207e-07,0.00012510332795030303,0.0
95,0.4119430631886148,0.5401840633157359,0.24699028969491604,0.0001170321455018964,4.102851077940046e-05,6.591465666198762e-05,3.362992686836103e-05
96,0.36356439559286535,0.9675545191559426,0.35747401583700517,0.05996014181067562,0.02032592779923741,0.0579988444757128,0.020006443493987978
97,0.0051810265333397006,0.40122116990444395,0.0024253903257461977,0.00447210767495465,2.017795612101662e-05,0.0016593005916849333,5.380788298937765e-06
98,0.949752181068907,0.6804807196266272,0.661855120929854,0.009795052499678835,0.009330959508895452,0.007319889882167462,0.007129544496092538
99,0.008593118913403612,0.039611345661167724,0.00034302525405728254,0.10225112004471434,0.0010579974992786382,0.004000616100260228,3.699291955519713e-05
100,0.02170206440669074,0.9875320409128239,0.021576961078740436,0.11426642031624239,0.0024650736394508637,0.11271204509638673,0.002446913478941949
101,0.021572252888978866,0.1728988526141551,0.004757289454798351,0.26102674857123254,0.0056410839328988795,0.045199966908151964,0.0012550688707272336
102,0.8257687296833204,0.9997242345996794,0.8256436263553701,0.0006699081432177518,0.0005555663918653242,0.0006692355446803846,0.0005555663918653242
103,0.0006907586978761355,0.027823383695269818,2.2195751733118283e-05,0.00017016742995390683,0.0,6.725985373672206e-06,0.0
104,0.9686690149323601,0.030930788937906375,0.03032006946597694,0.13136723812880396,0.12742984629105625,0.004076619734982724,0.004005324290021799
105,0.010874573152153223,0.9997302879865158,0.010871210159466387,0.06211649272147493,0.0005804525377479114,0.06210371334926495,0.0005797799392105442
106,0.0003060323345020854,0.04750697989132153,1.5469766359446074e-05,0.11971245067330477,3.632032101782992e-05,0.0055415393493685305,6.725985373672207e-07
107,3.4302525405728254e-05,0.4813034421575347,1.3451970747344412e-05,0.00444318593784786,0.0,0.002264639275315432,0.0
108,1.3451970747344412e-05,0.29023972084470306,0.0,0.003819687093708446,0.0,0.0012301827248446466,0.0
109,0.9812943620772803,0.45901016363649816,0.4506006641237958,0.12143699332311432,0.1191494856975284,0.05660858329897476,0.05555394879238296
110,0.00876261374482015,0.8672189597456501,0.007948096916068447,0.13237949892754164,0.0012745742283108831,0.1144547479067052,0.0011514886959726818
111,0.04506275680652905,0.9317453730265118,0.04289160872790766,0.00014528128407131967,1.143417513524275e-05,0.00013721010162291302,1.143417513524275e-05
112,0.07839539512137376,0.18321247858614406,0.016987148659746525,0.0008084634419153992,6.591465666198762e-05,0.00014931687529552297,1.4797167822078854e-05
113,0.038655583139568905,0.015041321091143155,0.0003329362759967742,0.0002448258676016683,1.3451970747344412e-05,4.035591224203324e-06,0.0
114,0.29825238722035874,0.07454006030518485,0.025083889852573128,0.0001694948314165396,5.515308006411209e-05,8.743780985773869e-06,1.3451970747344413e-06
115,0.968155822248349,0.4564583247857269,0.4467755962417884,0.026604635145560412,0.02568586554351679,0.012099375088698933,0.011856567016709365
116,0.0006322426251251874,0.9998493379276298,0.0006322426251251874,0.0008158620258264386,1.3451970747344413e-06,0.0008151894272890714,1.3451970747344413e-06
117,0.0009120436166699512,0.22983162840814086,0.0002280109041674878,0.10999340180834843,0.00010559797036665365,0.026525941116688448,2.6903941494688824e-05
118,0.03487221636687829,0.06287854686431199,0.002730750061710916,0.5159671529778291,0.01827315706319265,0.03260892228863759,0.0014655922129231738
119,0.3895811796167668,0.5550632881593736,0.24012373122693406,0.00022868350270485502,8.205702155880092e-05,0.00012779372209977192,5.448048152674487e-05
120,0.22795642368596106,0.0992748715168644,0.024190678994949456,0.012044894607172188,0.004513808784271418,0.001390261176738045,0.0004701463776196872
121,0.12489885799494341,0.46344595099043495,0.06502346359997606,0.003279590468202568,0.0004627477937086478,0.0016081831028450246,0.0002609682324984816
122,0.0003302458818473053,0.02971540338088381,4.708189761570544e-06,0.26906228329715876,7.936662740933203e-05,0.007839808551552323,2.017795612101662e-06
123,1.076157659787553e-05,0.06325654724231236,2.017795612101662e-06,0.01157945641931407,6.725985373672207e-07,0.0007378405954918411,6.725985373672207e-07
124,0.20282208894308537,0.002871323156020665,0.0004075947136445357,0.0007344776028050049,0.0002777831959326621,2.6903941494688827e-06,1.3451970747344413e-06
125,0.00017689341532757904,0.7665995637525886,0.00011904994111399806,0.0025195541209776084,1.3451970747344413e-06,0.001968695918873855,1.3451970747344413e-06
126,0.9672592483980385,0.010904167487797382,0.010666067605569384,0.47076180528137823,0.4554534625709003,0.005123855657663487,0.005004805716549489
127,0.7502278427545331,0.04156591701075687,0.03394604818092362,0.8512904811837196,0.6408216194693063,0.03542711016020625,0.02896949160294356
128,0.00021657672903224504,0.9288854840456264,0.00020716034950910397,0.12911806861984798,2.5558744419954385e-05,0.12059826294701739,2.4213547345219943e-05
129,0.031287266162711005,0.029159836989018483,0.0009221325947304595,0.0003490786408935875,1.2779372209977193e-05,1.6142364896813295e-05,2.017795612101662e-06
130,0.0010075526089760964,0.15966480379291767,0.0001600784518933985,0.9986548029252655,0.0010048622148266277,0.15948252958929116,0.0001594058533560313
131,1.008897806050831e-05,0.9843782263711089,9.416379523141088e-06,0.3130313948819287,2.6903941494688827e-06,0.30870255069543323,2.6903941494688827e-06
132,0.9812755293182339,0.3080689628732333,0.3023686902690461,0.005290660094930557,0.005196496299699147,0.0014043857460227568,0.0013801721986775367
133,0.03082115537631552,0.9997101100303948,0.030815101989479215,0.0003632032101782991,6.725985373672206e-06,0.0003632032101782991,6.725985373672206e-06
134,0.7796096372608828,0.02140208545902496,0.012940795858945324,0.0005750717494489736,0.0004439150346623656,8.071182448406648e-06,2.6903941494688827e-06
135,0.0007001750773992767,0.9997101100303948,0.0007001750773992767,0.12708682103699898,8.542001424563702e-05,0.12705453630720534,8.542001424563702e-05
136,0.9681141211390322,0.047899777437143985,0.04675703252215708,0.04372428571716828,0.04236899966437333,0.0024765078145861062,0.002414628749148322
137,0.9685526553853956,0.0667069777390062,0.06533487672277707,4.909969322780711e-05,4.708189761570544e-05,1.3451970747344413e-06,1.3451970747344413e-06
138,6.725985373672207e-07,0.0720440471330151,0.0,0.0007149722452213555,0.0,7.667623325986315e-05,0.0
139,0.00010828836451612252,0.05128900146693741,4.708189761570544e-06,0.0016693895697454417,0.0,0.00011299655427769307,0.0
140,0.9343362225924503,0.14458312678953247,0.13973167353950272,0.01219219368685561,0.011407943792285428,0.0017642259635142197,0.0017023468980764355
141,0.9673937681055119,0.999761900117772,0.9672451238287537,0.0004230644800039818,0.00040288652388296514,0.0004223918814666146,0.00040221392534559795
142,0.6797153024911032,0.9271427812353079,0.6469415935608106,0.0001721852255660085,0.0001365375030855458,0.00015267986798235908,0.0001237581308755686
143,0.089528246111876,0.054323093469000945,0.004683976214225324,0.02754425530226242,0.0022794364431375108,0.0012274923306951776,9.550899230614533e-05
144,0.981297725069967,0.9996791704976759,0.980986311947166,0.003182736278821688,0.0031255654031454743,0.003182063680284321,0.003124892804608107
145,0.902440254753422,0.9818277327174124,0.8933924592287582,0.0029190776521737377,0.0026513834343015836,0.0028800669370064387,0.002633895872330036
146,0.0004768723629933594,0.036585997440089967,1.6814963434180516e-05,0.00019303578022439232,0.0,8.743780985773869e-06,0.0
147,0.0006840327125024634,0.30393180926988755,0.000189000189000189,0.0675053522028611,5.380788298937765e-05,0.019814080312300954,1.2106773672609971e-05
148,0.9693449764624141,0.043631467119011606,0.042683103181323824,0.13172909614190753,0.12783004242078974,0.005875148223902673,0.005748699698877635
149,0.00011030616012822418,0.32624593834558246,3.362992686836103e-05,0.017834622816829224,3.362992686836103e-06,0.006432732411380098,0.0
150,0.9672727003687858,0.13152193579239843,0.12818315665290755,0.06828220351352024,0.06617226190179927,0.010113864206390898,0.009855586368041885
151,0.07830526691736656,0.017851437780263404,0.0018005462845320497,0.1459168896891317,0.012819728122219225,0.0025827783834901272,0.000286526976918436
152,0.25265289678101066,0.9320197932297576,0.2428154705734777,0.0006356056178120235,0.0001728578241033757,0.0006080290777799674,0.0001661318387297035
153,0.013783561826266453,0.06268147549286339,0.0011561968857342522,0.0001721852255660085,2.017795612101662e-06,1.2779372209977193e-05,6.725985373672207e-07
154,0.000841420770246393,0.10334812825916029,7.802143033459759e-05,0.005068702577599375,7.398583911039427e-06,0.0007654171355238971,2.017795612101662e-06
155,0.7316271302036427,0.30246487185988963,0.24426693821711615,0.13208221037402532,0.09619571541279727,0.03906855864151238,0.03129264695100994
156,6.456945958725318e-05,0.02421421994375731,3.362992686836103e-06,0.12783676840616343,1.2106773672609971e-05,0.00308789988505291,0.0
157,0.0010539619080544348,0.5359554363113082,0.0005474952094169176,0.75646215859739,0.0008313317921858847,0.40663626072878745,0.00042508227561608347
158,0.9813004154641165,0.9996858964830495,0.9809943831296144,0.12349850784014485,0.12114912114912114,0.1234668957088886,0.12111750901786489
159,0.00037329218823880747,0.04168765734602033,1.7487561971547738e-05,0.00031410351695049205,0.0,1.2779372209977193e-05,0.0
160,0.028222907226465945,0.08154181107917763,0.0021045608234220334,0.00011030616012822418,2.017795612101662e-06,1.3451970747344412e-05,0.0
161,0.9811806929244652,0.002174511071308224,0.0021388633488277618,0.0002771105973952949,0.0002730750061710916,6.725985373672207e-07,6.725985373672207e-07
162,0.9812997428655792,0.0016418130297133856,0.001615581686756064,0.03439736179949703,0.03373216184604085,5.179008737727599e-05,4.977229176517433e-05
163,0.2505880192712933,0.40122116990444395,0.10567935478967508,0.0005972675011820919,0.0001237581308755686,0.0002562600427369111,5.85160727509482e-05
164,2.6231342957321606e-05,0.10992345156046224,2.6903941494688827e-06,0.05410987973265553,1.3451970747344413e-06,0.006350675389821298,6.725985373672207e-07
165,0.00018496459777598567,0.9894011922481674,0.00018496459777598567,0.00032150210086153146,0.0,0.0003188117067120626,0.0
166,0.0011326559369263995,0.4564583247857269,0.0005750717494489736,0.01757365458433074,1.816016050891496e-05,0.007720086011900959,7.398583911039427e-06
167,0.9678565158992205,0.03264927820087962,0.03189865823317781,0.001466264811460541,0.001423891103606406,5.179008737727599e-05,5.179008737727599e-05
168,0.0006564561724704073,0.025747744608954574,1.6814963434180516e-05,0.014949847690061214,1.9505357583649398e-05,0.0004950325235022744,0.0
169,0.9352960207052734,0.045221490061347715,0.043540666316467025,0.016821689419554187,0.015886777452613753,0.0006900860993387684,0.0006571287710077745
170,0.009717031069344236,0.010904167487797382,0.00011568694842716195,0.4901884688361557,0.004801008359727221,0.005329670810097857,5.918867128831542e-05
171,0.03690413654826466,0.8970688828340074,0.03427562146423356,0.00541105523311929,0.00024549846613903555,0.005049869818553093,0.0002374272836906289
172,0.17641923335873513,0.5401840633157359,0.09851752556378891,0.0012934069873571652,0.00015604286066919518,0.0006113920704668036,8.205702155880092e-05
173,0.0008272962009616814,0.7665995637525886,0.0007479295735523493,0.0029439637980563245,4.035591224203324e-06,0.0023964685886394073,4.035591224203324e-06
174,0.6725137899515123,0.06325654724231236,0.04623845904984695,0.00015806065628129685,0.0001109787586655914,1.143417513524275e-05,1.008897806050831e-05
175,0.8782401593789494,0.284622177860612,0.25770478439517586,0.5038926640350128,0.44314961752684173,0.14025899079279863,0.12704242953353273
176,5.380788298937765e-05,0.5102406490306847,3.5647722480462696e-05,0.14054148217849285,7.398583911039427e-06,0.07119320998324558,4.708189761570544e-06
177,0.0002340642910037928,0.9859393275763383,0.00023204649539169112,0.00020716034950910397,6.725985373672207e-07,0.0002051425538970023,6.725985373672207e-07
178,0.9676426295643378,0.9288854840456264,0.9070327575665654,0.0006053386836304985,0.0005811251362852787,0.0005696909611500358,0.000554893793327957
179,0.004012050275395471,0.016078468035763408,7.465843764776148e-05,0.004354402930915387,1.4797167822078854e-05,9.887198499298143e-05,0.0
180,0.015452951396011895,0.9302064675730156,0.01439159090404642,0.08120214881780718,0.0012221115423962398,0.07606820418208318,0.0011427449149869079
181,0.10353578325108574,0.11725343042069021,0.012337474970926928,0.0012705386370866797,0.00012846632063713914,0.00019438097729912676,1.4124569284711633e-05
182,0.0059955433620914045,0.6813214677983361,0.004534659338929802,0.00023002869977958946,2.017795612101662e-06,0.00016882223287917238,1.3451970747344413e-06
183,0.9812963798728923,0.8754401316678897,0.8589419621448091,0.003073102717230831,0.003005842863494109,0.0026083371279100815,0.0025491484566217662
184,0.008849378956140522,0.12021151878803124,0.0011393819223000717,0.07002961451360028,0.0006517479827088368,0.008581684738268367,8.272962009616814e-05
185,0.0019081620505108049,0.0026944297406930858,8.811040839510591e-05,0.014154836218893158,6.18790654377843e-05,5.7843474213580975e-05,5.380788298937765e-06
186,0.9221951463944347,0.6242205423700086,0.5933980417966183,0.06665855064431576,0.061567652314983276,0.042234479956899884,0.04008754542562372
187,4.035591224203324e-05,0.03854056878967911,1.3451970747344413e-06,0.009355845654778039,1.3451970747344413e-06,0.0004264274726908179,0.0
188,0.968342804641737,0.014401679882106928,0.014097665343216945,0.2730541556164332,0.2646681970525387,0.003972366961690805,0.0038876195459825354
189,0.883384192992734,0.03365750340839309,0.027513315769543526,0.01251840397747871,0.010982861516669346,0.0005131926840111894,0.000429790465377654
190,0.09584730937044104,0.041547756850247954,0.0037880749624521867,0.00023271909392905834,1.6142364896813295e-05,8.743780985773869e-06,0.0
191,0.5346384883751432,0.02421421994375731,0.013932878701561976,0.002235717538208641,0.001121894360328524,6.255166397515152e-05,3.968331370466602e-05
192,0.9680825090077759,0.031205209141152202,0.030494945085692417,0.0012698660385493125,0.0012389265058304205,4.640929907833822e-05,4.640929907833822e-05
193,0.0056639522831693654,0.02421421994375731,0.00016075105043076573,0.00010828836451612252,0.0,2.017795612101662e-06,0.0
194,0.9288653060895053,0.09035285191868822,0.08479382500734814,0.24724856753326505,0.2295605711975819,0.022966549656941115,0.02156619950214256
195,0.0006665451505309157,0.15118468143379177,5.582567860147931e-05,0.00034975123943095475,0.0,4.035591224203324e-05,0.0
196,0.05768877654998651,0.8931826084850996,0.05353548058174393,0.0002085055465838384,1.143417513524275e-05,0.00019639877291122843,1.076157659787553e-05
197,0.13883711748480432,0.677090150399759,0.10555895965148634,0.00015200726944499185,2.017795612101662e-05,0.00010963356159085696,1.8832759046282177e-05
198,0.007013857547665377,0.12301087390055361,0.0009853568572429782,0.03320484459274495,0.00030065154620314763,0.004687339206912161,4.4391503466236565e-05
199,0.9812930168802055,0.061090779951989915,0.05986261502275737,0.030824518369002355,0.030289802531795414,0.00198685607938277,0.0019498631598275726
200,0.0025498210551591336,0.9854893591548396,0.0025350238873370545,0.00012510332795030303,6.725985373672207e-07,0.00012241293380083415,6.725985373672207e-07
201,0.968122864920018,0.9605077042799463,0.9377133398485712,0.5022535413994489,0.4862887425165005,0.48270715530502006,0.47102210091533936
202,0.004226609208815614,0.9832348088575846,0.004203068260007762,0.0005057941001001499,3.362992686836103e-06,0.0005010859103385793,3.362992686836103e-06
203,0.8837130936775065,0.0002085055465838384,0.00011299655427769307,0.47736806811539906,0.42166009425795903,0.00010492537182928643,5.515308006411209e-05
204,0.34251407916888343,0.04156591701075687,0.014675427486815388,0.000240790276377465,7.667623325986315e-05,8.743780985773869e-06,2.017795612101662e-06
205,0.029929962314303952,0.9848867108653585,0.02972683755601905,0.004620079353175439,0.00042373707854134903,0.004531968944780333,0.0004203740858545129
206,0.01120683682961263,0.014934377923701767,0.00560476361188105,0.000189000189000189,1.3451970747344413e-06,2.6903941494688827e-06,1.3451970747344413e-06
207,0.039620762040690864,0.04148385998919807,0.0012268197321578104,0.0005865059245842164,2.959433564415771e-05,2.959433564415771e-05,1.3451970747344413e-06
208,0.03812153990089933,0.7718794622709213,0.03235266224590068,0.2514381838225255,0.00976949375525888,0.1960624736425448,0.008326097294068824
209,0.0730845570703222,0.0013088767537166113,0.00011501434988979473,0.023982846046902987,0.0015173823003004497,3.5647722480462696e-05,2.6903941494688827e-06
210,0.8668402867691124,0.8489720340254148,0.7563969165392653,0.0020319201813863734,0.0017178166644358816,0.0017124358761369438,0.0015194000959125515
211,0.0004015413268082307,0.1519655683356751,7.53310361851287e-05,0.2635866586044522,0.00010223497767981754,0.04032968089907592,1.6814963434180516e-05
212,0.006877992643117199,0.9816346969371881,0.006818131373291516,0.35088524056495585,0.002446913478941949,0.34515402842804976,0.002428753318433034
213,0.3341395547801242,0.12859814995046312,0.04582010275960454,0.25616386114606754,0.08771828344782082,0.03322165955617913,0.012152510373150942
214,0.00024617106467640274,0.5550632881593736,0.00013721010162291302,0.26041939209198994,6.52420581246204e-05,0.14541042299049417,4.035591224203324e-05
215,0.9362154629058543,0.461753693070419,0.4459570438218125,0.03214213890370474,0.03019429353948927,0.015057463456039968,0.014567811720836632
216,1.3451970747344413e-06,0.99974710294995,1.3451970747344413e-06,0.0017904573064715414,0.0,0.0017904573064715414,0.0
217,0.7227279789557369,0.9848867108653585,0.7169947490232188,0.018953826783008276,0.01409362975199274,0.018657883426566702,0.013990049577238189
218,0.9677650424981386,0.8793721427173384,0.8589883714438875,0.000240790276377465,0.0002313738968543239,0.00021657672903224504,0.00020985074365857285
219,0.0006712533402924862,0.0625005464863116,3.295732833099381e-05,0.0001594058533560313,0.0,1.4797167822078854e-05,0.0
220,0.9812815827050703,0.9316673515961772,0.9141387611138501,0.18435791389528045,0.18089066843515242,0.1725114358566316,0.16923319058550376
221,0.3624842023418536,0.7778037101880518,0.27953464252396637,0.02170475480084021,0.00986365755049029,0.016704657274052293,0.007685110887957863
222,0.030604578647283272,0.9975234921854139,0.030562204939429138,0.011413997179121733,0.00036925659701460414,0.011391801427388616,0.00036925659701460414
223,0.00014393608699658523,0.08655536057671288,1.2779372209977193e-05,0.00016411404311760184,0.0,1.4797167822078854e-05,0.0
224,0.006366145156180743,0.9987664542824685,0.006339913813223422,0.00010963356159085696,2.017795612101662e-06,0.00010896096305348974,2.017795612101662e-06
225,0.013333593404767781,0.9811443726034473,0.013232703624162699,0.004579723440933405,9.281859815667644e-05,0.004462018696894142,9.214599961930922e-05
226,0.981295707274355,0.9845658813630344,0.9661313006508736,0.0006813423183529945,0.0006678903476056501,0.0006773067271287912,0.0006638547563814468
227,0.9812809101065328,0.07189943844748115,0.07060737665719873,0.03367902656158884,0.033018534797894225,0.0024913049824081854,0.002444895683329847
228,0.00011299655427769307,0.2787564460162325,3.9010715167298795e-05,0.00012241293380083415,6.725985373672207e-07,4.5064102003603786e-05,6.725985373672207e-07
229,0.0002703846120216227,0.9314003299768424,0.000268366816409521,0.0049530156291722124,1.3451970747344413e-06,0.004538022331616638,1.3451970747344413e-06
230,0.5541310665865826,0.8230070400888906,0.4813155489312073,0.02085257245399594,0.012972407990201584,0.01793685779450904,0.011706577542876476
231,0.0039259576626124665,0.9838946280227419,0.0038950181298935747,0.00025962303542374716,1.3451970747344413e-06,0.00024818886028850443,1.3451970747344413e-06
232,0.87736376348476,0.017521191898416097,0.01563253520548894,3.766551809256435e-05,3.295732833099381e-05,0.0,0.0
233,0.7885074433117137,0.2649950799416992,0.22553574154997644,0.5149844865147356,0.40644322494856305,0.13603170898544564,0.11587998420738635
234,0.981282927902145,0.03854056878967911,0.03782290615030828,0.2580161975179769,0.2529717084877227,0.00943790267633684,0.00921998075022986
235,0.9334914388295171,0.8529174970456109,0.8178226505628641,0.08632600447547067,0.08094925176775711,0.0735049311561767,0.07043250103748325
236,2.6903941494688827e-06,0.8791757439444272,2.6903941494688827e-06,0.018011516232156802,0.0,0.015704503248987235,0.0
237,0.00047619976445599223,0.999761900117772,0.00047619976445599223,0.13983458111571992,6.793245227408929e-05,0.13980902237129994,6.793245227408929e-05
238,0.0007889580843317498,0.17957641089313686,0.00014797167822078853,0.00012981151771187358,0.0,3.228472979362659e-05,0.0
239,0.1855611926786304,0.13691819385769563,0.029313862054075577,0.03812288509797407,0.006002269347465077,0.005143361015247136,0.0009254955874172956
240,0.9673722449523161,0.9333609547132679,0.9111167758854591,0.032771018536143094,0.03174059757689651,0.030696052048365216,0.029964937438247047
241,0.9678215407752774,0.9997531563367862,0.9676648253160709,0.08145101027663305,0.07898190104595798,0.08143150491904941,0.07897113946936012
242,0.0006685629461430173,0.03854056878967911,2.7576540032056045e-05,0.06222747148014052,3.632032101782992e-05,0.0023769632310557576,6.725985373672207e-07
243,0.04743299405221114,0.8358052450579141,0.04281627769172253,0.0003093953271889215,1.816016050891496e-05,0.00026298602811058324,1.816016050891496e-05
244,0.1296245353184855,0.9997242345996794,0.1296036847638271,0.018951808987396176,0.0024395148950309095,0.01894777339617197,0.0024395148950309095
245,0.00021926712318171392,0.13389015524246842,3.8338116629931574e-05,0.00031006792572628873,0.0,4.640929907833822e-05,0.0
246,0.009520632296433008,0.8589816454585137,0.008646926796392989,0.00036454840725303356,4.708189761570544e-06,0.0003067049330394526,4.708189761570544e-06
247,0.022648410548766422,0.06360293548905649,0.001426581497755875,0.2435970300738984,0.005571806283550056,0.014950520288598581,0.0003188117067120626
248,0.012628037539069567,0.041454938252091275,0.0005078118957122516,0.06928975612249634,0.0009793034704066732,0.002859888980885422,3.632032101782992e-05
249,0.0015738805774392964,0.9996919498698859,0.0015738805774392964,0.4201729788918401,0.0007001750773992767,0.42005729194341296,0.0007001750773992767
250,0.03578493258208561,0.061090779951989915,0.002415301347685689,0.5063954031925563,0.018339744318392005,0.030843351128048636,0.0012382539072930531
251,0.008922019598176182,0.8864142494035733,0.00813844230214337,0.0001594058533560313,1.3451970747344413e-06,0.00014191829138448356,1.3451970747344413e-06
252,0.9671785365735543,0.015457659585773465,0.01512741370392616,0.9703632906479882,0.9385265114802481,0.01499423919352745,0.014669374099979083
253,0.29504947298541606,0.16178483438269914,0.053479654903142444,0.00012981151771187358,3.295732833099381e-05,2.6903941494688824e-05,6.725985373672206e-06
254,0.9813010880626539,0.035289227460045966,0.03467312719981759,0.0008999368429973413,0.0008851396751752623,3.5647722480462696e-05,3.4975123943095475e-05
255,2.4213547345219943e-05,0.0960141138077081,6.053386836304986e-06,0.0029042804843516586,0.0,0.0004062495165698013,0.0
256,0.0003975057355840274,0.9837991190304357,0.0003941427428971913,0.01381584655606008,9.416379523141088e-06,0.013647024323180906,9.416379523141088e-06
257,0.007101295357523116,0.22815484025448438,0.001554375219855647,0.0016781333507312154,1.6814963434180516e-05,0.00042373707854134903,6.053386836304986e-06
258,0.018136619560107106,0.9996717719137648,0.018129220976196066,0.06675473223515928,0.0011931898052894494,0.066735899476113,0.001191844608214715
259,0.0004062495165698013,0.0549230513643325,2.152315319575106e-05,0.0001990891670606973,0.0,8.743780985773869e-06,0.0
260,0.0070212561315764165,0.045458244746500974,0.0002871995754558032,0.00017958380947704792,0.0,7.398583911039427e-06,0.0
261,0.0013310725054497296,0.24612061978610023,0.0002730750061710916,0.008398737936104484,4.035591224203324e-06,0.0021112868087957057,6.725985373672207e-07
262,0.9812815827050703,0.005452756342436057,0.005349848766218873,0.031010828163853074,0.030437774210016203,0.00020110696267279897,0.00019639877291122843
263,0.9813084866465649,0.08772164644050764,0.08606772663712166,0.5012950884837006,0.4916695308154383,0.04433836818178455,0.04348215024371608
264,0.0014030405489480222,0.9047405417512179,0.001343851877659707,0.063136824702661,0.00011635954696452917,0.057325573339808214,0.00010963356159085696
265,7.53310361851287e-05,0.8910524889172576,6.725985373672207e-05,0.0002831639842315999,0.0,0.00025962303542374716,0.0
266,0.9272214752641799,0.9997968752417151,0.9271226032791869,0.010929053633679969,0.00989056149198498,0.010925018042455764,0.009889216294910245
267,0.0004909969322780711,0.5305477440708758,0.00018698239338808733,0.9810286856550202,0.00048158055275493,0.5220225576097463,0.000182946802163884
268,0.04491007693854669,0.9317453730265118,0.04264341986761916,0.00014460868553395245,6.725985373672206e-06,0.0001331745103987097,5.380788298937765e-06
269,0.967705181228313,0.9826012210353847,0.9578247087143884,3.362992686836103e-05,3.295732833099381e-05,2.959433564415771e-05,2.959433564415771e-05
270,0.22368205998099236,0.11870489806432867,0.024522942672408864,0.00018092900655178234,3.632032101782992e-05,1.4797167822078854e-05,4.035591224203324e-06
271,0.9813152126319387,0.8303679584818375,0.8147482026485585,0.002155005713724575,0.0021173401956320107,0.001847628182147755,0.0018133256567420268
272,0.4144713610905782,0.0385284620160065,0.015694414270926726,0.13073701329929088,0.05167171003469936,0.0049409088554996025,0.001883948503165585
273,0.0012799550166098209,0.9856380034315977,0.0012718838341614143,0.03366893758352833,3.5647722480462696e-05,0.03315372710390504,3.4975123943095475e-05
274,0.0015927133364855785,0.9504483205550821,0.001561101205229319,0.00014864427675815575,6.725985373672207e-07,0.00013586490454817857,6.725985373672207e-07
275,1.4797167822078854e-05,0.2274486117902488,4.708189761570544e-06,0.05681574364848386,6.725985373672207e-07,0.013108272894749763,0.0
276,0.7713326396600418,0.999833195562733,0.7712660524048425,0.5111244435087852,0.39334167803918696,0.5110484398740627,0.39331006590793066
277,0.0007748335150470382,0.9814308995803658,0.0007687801282107332,0.005113094081065611,2.017795612101662e-06,0.005025656271207873,2.017795612101662e-06
278,0.044456745524361185,0.00014460868553395245,7.802143033459759e-05,0.1286701179939614,0.005557009115727977,2.28683502704855e-05,1.3451970747344412e-05
279,0.9341135924765818,0.0023830166178920626,0.0009651789011219616,0.00010021718206771588,9.281859815667644e-05,0.0,0.0
280,0.006812077986455211,0.9998116724095372,0.006811405387917843,0.00042104668439188014,4.708189761570544e-06,0.00042104668439188014,4.708189761570544e-06
281,0.9812909990845934,0.9378767812931514,0.9202439380375323,0.4694119000168822,0.4604084959956846,0.44098788582774345,0.43249767449055704
282,0.1816379254101674,0.6047804268444837,0.12047585001321656,0.0001331745103987097,2.28683502704855e-05,7.936662740933203e-05,1.2779372209977193e-05
283,7.734883179723037e-05,0.1502585132478371,1.143417513524275e-05,0.12871652729303976,1.2106773672609971e-05,0.019725969903905845,1.3451970747344413e-06
284,0.018187064450409646,0.9808961837431588,0.018012188830694168,0.0006107194719294363,1.3451970747344412e-05,0.0006013030924062953,1.3451970747344412e-05
285,0.665717854329954,0.0029856649073730923,0.001807944868443089,0.031903366422939373,0.021385943094128147,0.00010559797036665365,7.264064203565983e-05
286,0.0003584950204167286,0.8627085139540656,0.0003248650935483676,0.0007190078364455589,0.0,0.0005488404064916521,0.0
287,0.00042508227561608347,0.9999058362047686,0.00042508227561608347,0.00011232395574032584,0.0,0.00011232395574032584,0.0
288,0.001094317820296468,0.09432320108476692,0.00011299655427769307,0.0032197291983768854,4.708189761570544e-06,0.00024684366321377,6.725985373672207e-07
289,0.0003362992686836103,0.9816010670103197,0.00033360887453414144,0.0005340432386695731,0.0,0.0005279898518332682,0.0
290,0.6522241824732928,0.9999038184091565,0.6521939155391113,0.00013922789723501468,0.00010290757621718476,0.00013922789723501468,0.00010290757621718476
291,0.024099205593867516,0.18643893376989462,0.005146724007933972,0.000182946802163884,6.725985373672207e-07,5.111748883990877e-05,0.0
292,0.00017756601386494626,0.9818277327174124,0.00017487561971547738,0.00030535973596471815,6.725985373672207e-07,0.00030266934181524927,6.725985373672207e-07
293,7.331324057302706e-05,0.04796636469234334,2.017795612101662e-06,0.007757078931456156,0.0,0.00038338116629931576,0.0
294,0.0012100047687236299,0.9997121278260068,0.0012100047687236299,0.01746738401542672,3.026693418152493e-05,0.017462675825665148,3.026693418152493e-05
295,0.9812909990845934,0.909625624928116,0.8925127003418818,0.002904953082889026,0.0028464370101380777,0.002701155726066758,0.002646002646002646
296,0.012268197321578104,0.942427582996978,0.01185320402402253,0.004425025777338945,2.2195751733118283e-05,0.003886274348907801,2.152315319575106e-05
297,0.36104484147188776,0.8165615283053006,0.3110613537659801,0.32094653446966614,0.11644160398608797,0.2627452378342058,0.10039407548304345
298,0.03267080135407537,0.0005979400997194592,0.00012241293380083415,0.002237062735283376,5.85160727509482e-05,1.3451970747344413e-06,0.0
299,0.39279351023123266,0.9830316840992998,0.3887955845251219,0.07962221485353158,0.029863375059104597,0.07849292190929201,0.029570794695349855
300,0.00012510332795030303,0.09432320108476692,7.398583911039427e-06,0.2025369071632417,2.4886145882587164e-05,0.01898476631572717,0.0
301,0.7882458024806779,0.10285444093273274,0.08513214207164385,0.027076799318792203,0.021313302452092488,0.0027051913172909613,0.0022505147060307203
302,0.981297725069967,0.14019240353759926,0.13770647934349,0.13123675401255472,0.12875486540966968,0.018080793881505627,0.01777476154700354
303,0.006818131373291516,0.9401185522181964,0.0065558179437183,0.835367383410088,0.005698254808575093,0.7866598151295661,0.005483023276617583
304,0.9812923442816681,0.05423027487084427,0.05322877564870447,0.24783910904907347,0.24302935690836047,0.013601960221177304,0.013342337185753556
305,3.5647722480462696e-05,0.8293738578436087,3.161213125625937e-05,0.020484661054056073,1.3451970747344413e-06,0.017919370232537493,1.3451970747344413e-06
306,0.04872169284980673,0.09432320108476692,0.004488250039851463,0.00573524772813029,0.00024011767784009778,0.000545477413804816,2.354094880785272e-05
307,0.005251649379763259,0.6966526788590846,0.0037591532253453963,6.658725519935484e-05,1.3451970747344413e-06,3.632032101782992e-05,1.3451970747344413e-06
308,0.007572786932217537,0.9124317060260121,0.007040088890622699,0.005230798825104875,6.322426251251874e-05,0.004883065381286022,5.85160727509482e-05
309,0.0014191829138448355,0.9820274944830105,0.0014138021255458977,0.07068136249630912,9.954458353034866e-05,0.06964017996046466,9.954458353034866e-05
310,0.0004203740858545129,0.8804819303039944,0.0003887619545982535,0.2422874807216444,0.00010694316744138808,0.21355676159946624,9.954458353034866e-05
311,0.7041837646819853,0.982314021459929,0.6972654161266261,0.02706536514365696,0.018606765937726793,0.026527286313763183,0.01843256291654868
312,0.9812876360919065,0.9837594357167311,0.9653342713840934,0.0001466264811460541,0.000143263488459218,0.00014124569284711634,0.00013788270016028024
313,0.005432578386315041,0.18184643095675124,0.0010418551343818248,0.006479814308995803,6.322426251251874e-05,0.0011084423895811797,1.143417513524275e-05
314,0.006271981360949332,0.033621855685912624,0.0005448048152674487,0.00601841171236189,7.734883179723037e-05,0.0002515518529753405,6.053386836304986e-06
315,0.0009160792078941546,0.6273683035248871,0.0007089188583850505,0.0007075736613103162,6.725985373672207e-07,0.0004997407132638449,6.725985373672207e-07
316,0.0065672521188535424,0.98527210982727,0.006534967389059915,0.00011501434988979473,6.725985373672207e-07,0.00011366915281506029,6.725985373672207e-07
317,0.0001863097948507201,0.020699219987476217,2.6903941494688827e-06,0.0001203951381887325,0.0,2.017795612101662e-06,0.0
318,0.024693782700900137,0.983625588607795,0.024539757635843044,0.06588977051610503,0.0016424856282507528,0.06493199019889412,0.0016323966501902445
319,0.07648925086647507,0.04260440915245186,0.0034463949054696387,0.11410163367458741,0.00882583800733267,0.004877684592987084,0.0004008687282708635
320,0.0004856161439791333,0.03184014216042686,1.6142364896813295e-05,0.032143484100779475,2.6231342957321606e-05,0.0011050793968943435,2.017795612101662e-06
321,0.981295707274355,0.5079215292738425,0.49857039180882595,0.004780157805068837,0.004697428184972669,0.0025868139747143304,0.00254578546393493
322,0.15926931585294574,0.30246487185988963,0.04716260944018951,0.00020917814512120563,5.582567860147931e-05,5.918867128831542e-05,1.6814963434180516e-05
323,0.00043786164782606065,0.007723449004587795,6.053386836304986e-06,0.03430588839841509,1.143417513524275e-05,0.0003248650935483676,0.0
324,0.7302160184722463,0.10074853491223598,0.08000895901251773,0.011561968857342522,0.008133734112381798,0.0010553071051291692,0.0008057730477659303
325,0.00887426510202311,0.9816649638713696,0.008782791700941168,0.021983210595310238,0.0002441532690643011,0.021486160276195862,0.00024213547345219944
326,3.228472979362659e-05,0.89614338724659,2.6903941494688824e-05,0.030381275932877358,0.0,0.02736736188693484,0.0
327,0.00025289705005007495,0.05824770593453867,1.816016050891496e-05,0.10439603678037841,2.28683502704855e-05,0.005988817376717733,1.3451970747344413e-06
328,0.03711533248899797,0.9997121278260068,0.03711129689777377,0.011921809074833986,0.0003463882467441186,0.011917100885072415,0.0003457156482067514
329,0.9715376476942313,0.980621763539913,0.9574776478691069,0.00626794576972513,0.0060903797558601825,0.006178490164255289,0.0060338814787213365
330,4.4391503466236565e-05,0.990810958782489,4.4391503466236565e-05,0.0017628807664394853,0.0,0.0017413576132437342,0.0
331,0.0002340642910037928,0.9996394871839712,0.0002340642910037928,0.02243048862265944,6.053386836304986e-06,0.022422417440211034,6.053386836304986e-06
332,0.0011689762579442295,0.9998426119422561,0.0011683036594068623,0.2614034037521582,0.0002898899696052721,0.2613677560296777,0.0002898899696052721
333,0.9683710537803064,0.9996515939576438,0.9681551496498115,0.3143503606137058,0.3047786108284329,0.31425485162139966,0.30471471396738303
334,0.16641029452417352,0.14611866925034184,0.025048242130092664,0.004869613410538678,0.0009476913391504139,0.0008320043907232519,0.00017487561971547738
335,0.03774152172728685,0.542592638678048,0.024358828629291264,0.0008326769892606191,2.5558744419954385e-05,0.00047081897615705446,1.6814963434180516e-05
336,0.0005703635596874031,0.3151884183912654,9.080080254457478e-05,0.2503680795495742,0.0001338471089360769,0.07873303958713211,1.4797167822078854e-05
337,0.9676607897248467,0.01652440086603788,0.016193482385653202,0.0032634481033057545,0.003155159738789632,7.062284642355817e-05,6.793245227408929e-05
338,0.9813024332597287,0.07577427862125372,0.07438334484597829,0.0005448048152674487,0.000533370640132206,4.304630639150212e-05,4.304630639150212e-05
339,0.43905281983573796,0.3504150941873362,0.15976771136913487,0.00017084002849127405,9.012820400720757e-05,6.995024788619095e-05,3.968331370466602e-05
340,6.053386836304986e-05,0.008416898096613399,2.017795612101662e-06,0.12746818440768617,1.2106773672609971e-05,0.001088264433460163,6.725985373672207e-07
341,4.3718904928869344e-05,0.9441299298950544,4.304630639150212e-05,0.0004170110931676768,0.0,0.0003968331370466602,0.0
342,0.037923123332376005,0.7640033333983511,0.032788506098114636,0.000698157281787175,3.362992686836103e-05,0.0005542211947905898,3.093953271889215e-05
343,0.24392996634989517,0.021293124495971472,0.003621943123722483,0.033324567132396316,0.007759096727068257,0.0008326769892606191,0.00014729907968342133
344,0.022714325205428407,0.20388344943505085,0.004513808784271418,0.0007647445369865298,3.5647722480462696e-05,0.00015604286066919518,1.076157659787553e-05
345,0.9812916716831308,0.9378767812931514,0.9202446106360697,0.26200201645041504,0.2570597623978407,0.24618384404861274,0.24150323082707426
346,0.9681107581463453,0.009741917215226823,0.009505162530073562,0.05639066137286778,0.0545107484609264,0.00044996842149867063,0.0004466054288118345
347,0.00042373707854134903,0.6804807196266272,0.0003040145388899837,0.0037235055028649335,3.362992686836103e-06,0.0020810198746141805,2.6903941494688827e-06
348,0.005158830781606582,0.981257369157725,0.00511107628545351,0.00010694316744138808,6.725985373672207e-07,0.00010358017475455198,6.725985373672207e-07
349,0.9265670368873216,0.018417765748726604,0.017614010496572775,0.001066741280264412,0.0009947732367661193,1.7487561971547738e-05,1.6814963434180516e-05
350,9.416379523141089e-05,0.15155192023519426,6.053386836304986e-06,0.25529553643432645,2.2195751733118283e-05,0.037578080282706615,1.3451970747344413e-06
351,0.41290622429412466,0.9841118773503115,0.4091006617697009,0.21799927493877672,0.09023312937903685,0.21492079143324694,0.08949730657915711
352,6.389686104988596e-05,0.35755405506295185,3.093953271889215e-05,0.00024549846613903555,0.0,0.00010492537182928643,0.0
353,0.007810214215908166,0.9848194510116218,0.007748335150470382,0.07012579610444379,0.0005616197787016292,0.06918617594774179,0.0005596019830895276
354,0.08416090978368558,0.2787564460162325,0.024162429856380035,0.00017756601386494626,1.3451970747344412e-05,4.640929907833822e-05,2.6903941494688827e-06
355,0.00010694316744138808,0.4878074700138757,4.909969322780711e-05,0.004665143455179042,1.3451970747344413e-06,0.0024159739462230566,1.3451970747344413e-06
356,0.13194365507532768,0.11423144519229929,0.016863390528870956,0.001713108474674311,0.00017756601386494626,0.00016344144458023462,2.28683502704855e-05
357,0.7299341996850893,0.17057704246316346,0.13693702661674192,0.2547345892541622,0.18447225564663286,0.04230981099308501,0.03366288419669203
358,0.0002771105973952949,0.0035957117807651614,0.0,0.0001600784518933985,0.0,6.725985373672207e-07,0.0
359,0.40585335603129197,0.004770741425545696,0.0017574999781405475,0.18154712460762282,0.07315316212113365,0.0008313317921858847,0.00029863375059104594
360,0.00035714982334199416,0.11458254162880498,4.977229176517433e-05,0.7357050951357001,0.00027912839300739655,0.0846263479715437,3.968331370466602e-05
361,0.6947122320787801,0.00880364225559955,0.005144033613784503,0.0012248019365457088,0.0009221325947304595,9.416379523141088e-06,8.071182448406648e-06
362,0.26500920451098386,0.8418909166240127,0.22664485653809496,0.018538160886915334,0.004400812229993725,0.015893503437987424,0.0038546622176515413
363,0.00018025640801441514,0.4887639051340119,9.349119669404366e-05,0.2556029139659033,4.102851077940046e-05,0.12769014192501738,2.017795612101662e-05
364,0.010261163286074317,0.49151012496208224,0.00577425844329759,0.00134788746888391,1.143417513524275e-05,0.000606683880705233,3.362992686836103e-06
365,0.02777428400204201,0.7509118754670356,0.02148683287473323,0.005179008737727599,0.00032688288916046923,0.0030926080748144803,0.00020917814512120563
366,0.9813044510553407,0.9997154908186937,0.9810273404579455,0.00026971201348425546,0.00026298602811058324,0.00026971201348425546,0.00026298602811058324
367,5.918867128831542e-05,0.943281110540897,5.918867128831542e-05,0.5125200854738221,2.6231342957321606e-05,0.48401872245288613,2.6231342957321606e-05
368,0.9376191760533398,0.899595835538896,0.865555623562741,0.0003685839984772369,0.0003457156482067514,0.00033159107892203975,0.0003161213125625937
369,0.0026769421787215383,0.30246487185988963,0.0008898478649368329,0.0681927479080504,0.00020446995535963508,0.02121846605832371,8.205702155880092e-05
370,0.9341189732648807,0.12155940625691515,0.11712160110736623,0.13090112734240847,0.12283801607645024,0.01550272368777707,0.014932360128089666
371,0.931126582372134,0.32536416166309406,0.3138681074624135,0.12376552945947963,0.11525446756763483,0.04104330794722254,0.03964564818657346
372,0.3305788181233021,0.9996784978991384,0.3305277006344622,0.2534916271571076,0.08391742911315865,0.2534176413179972,0.08390397714241131
373,2.017795612101662e-06,0.012139731000940965,0.0,0.02105906020496768,0.0,0.0001990891670606973,0.0
374,0.43966555710327954,0.07008813058635123,0.03489373952007404,0.0005145378810859238,0.00024348067052693388,4.4391503466236565e-05,2.354094880785272e-05
375,0.00031006792572628873,0.9998385763510319,0.00031006792572628873,0.009429158895351066,3.362992686836103e-06,0.009427813698276331,3.362992686836103e-06
376,0.9301580404783252,0.2787564460162325,0.26784824293721093,0.499596104578311,0.46481267121836517,0.1391761071476374,0.1337280589949629
377,0.011553897674894117,0.0027818675505508245,0.0007015202744740111,0.00024617106467640274,1.3451970747344413e-06,2.017795612101662e-06,0.0
378,0.11556453549336111,0.5401840633157359,0.07154632421536336,0.10232308808821264,0.011278132274573556,0.054547741380481594,0.006957359270526531
379,0.2284272426621181,0.8793721427173384,0.20445045000205142,0.00032890068477257087,5.515308006411209e-05,0.0002892173710679049,4.977229176517433e-05
380,0.9138885544579495,0.8762533032995666,0.8226882283821786,0.0001109787586655914,0.00010021718206771588,9.1473401081942e-05,8.47474157082698e-05
381,0.0002831639842315999,0.9997101100303948,0.0002831639842315999,0.024029255345981326,6.725985373672206e-06,0.024016475973771347,6.725985373672206e-06
382,0.00023608208661589445,0.9998701884822881,0.00023608208661589445,8.878300693247313e-05,1.3451970747344413e-06,8.878300693247313e-05,1.3451970747344413e-06
383,3.362992686836103e-05,0.166519255487227,6.725985373672206e-06,0.0025982481498495733,6.725985373672207e-07,0.0007391857925665755,0.0
384,0.004040299413964894,0.061090779951989915,9.416379523141089e-05,0.0003753099838509091,4.035591224203324e-06,2.959433564415771e-05,6.725985373672207e-07
385,2.8249138569423267e-05,0.981257369157725,2.8249138569423267e-05,0.034782760761408446,2.6903941494688827e-06,0.03411554301234017,2.6903941494688827e-06
386,0.00423737078541349,0.9641377185861172,0.003989181925124986,0.00037598258238827635,2.017795612101662e-06,0.0003584950204167286,2.017795612101662e-06
387,0.017275020833739694,0.9368315631660827,0.016768554135102177,0.02099583594245516,0.0004015413268082307,0.019474418050930507,0.00038808935606088633
388,0.005959895639610942,0.0013969871621117172,1.143417513524275e-05,0.0004533314141855067,8.743780985773869e-06,1.3451970747344413e-06,0.0
389,0.00040221392534559795,0.9818391668925477,0.00040019612973349626,0.003636067693007195,6.725985373672207e-07,0.003590330992466224,6.725985373672207e-07
390,0.859408745529742,0.04886293854265385,0.042660234831053336,0.02316160323277761,0.019245061949688284,0.0011609050754958228,0.000984684258705611
391,0.9812822553036076,0.9813945792593479,0.9629990092623545,0.00118579122137841,0.0011561968857342522,0.0011629228711079246,0.0011333285354637667
392,0.8756889931267156,0.8579788010392992,0.771937305745135,0.0003127583198757576,0.0002932529622921082,0.0002488614588258716,0.00023339169246642557
393,0.0003188117067120626,0.9822615587740143,0.0003154487140252265,0.022583841089179168,2.6903941494688827e-06,0.022343050812801704,2.6903941494688827e-06
394,0.0,0.5360738136538848,0.0,0.5959545888371511,0.0,0.3216978270359053,0.0
395,7.869402887196481e-05,0.9124317060260121,7.465843764776148e-05,0.2516251662159135,1.5469766359446074e-05,0.23028899541355058,1.4797167822078854e-05
396,0.0012745742283108831,0.8862622421341283,0.0002017795612101662,0.2764830629599313,0.00032621029062310204,0.2456491282114058,4.8427094690439885e-05
397,0.0007338050042676377,0.000935584565477804,0.0,0.004495648623762503,2.6903941494688827e-06,2.017795612101662e-06,0.0
398,0.9812997428655792,0.8579788010392992,0.8418202937775892,0.017463348424202517,0.01711628757892103,0.015053427864815765,0.01474739553031368
399,0.010201302016248635,0.7787359317608428,0.008797588868763246,0.1383918572530672,0.0014830797748947215,0.1088324967328526,0.0012624674546382732
400,0.01218950329270614,0.9841374360947315,0.012071798548666876,0.13762980311023015,0.0014965317456420658,0.13592140282531742,0.0014776989865957837
401,0.7873189616961859,0.14371345688071666,0.12239880923154944,0.11755609976250546,0.09301096133836348,0.017385326993867918,0.014894694609997101
402,0.9681349716936906,0.924146354751337,0.9026904614093226,0.06496965571698668,0.06294715191512344,0.05999377173754398,0.05855172047342866
403,0.9812909990845934,0.041547756850247954,0.040774941130813015,0.24220878669277246,0.23782747982036237,0.01016901728645501,0.009983380090141656
404,0.9679419359134661,0.2290715920609159,0.22412328462150527,0.00017353042264074293,0.00016882223287917238,3.8338116629931574e-05,3.8338116629931574e-05
405,0.19154731966119867,0.6761686904035659,0.14126654340177472,0.0023910878003404693,0.0004909969322780711,0.0016438308253254872,0.00037598258238827635
406,0.0007607089457623265,0.9997679535046083,0.0007607089457623265,0.0004223918814666146,0.0,0.0004223918814666146,0.0
407,0.005054578008314663,0.8529174970456109,0.00458577682776971,0.07144745223037038,0.00031477611548785925,0.060429615589757936,0.000292580363754741
408,0.43146389053862366,0.0005986126982568264,0.0002663490207974194,0.23254892649910444,0.10156237914245032,0.0001244307294129358,4.977229176517433e-05
409,0.00012779372209977192,0.7734345100893144,0.00010828836451612252,0.43156814331191556,5.448048152674487e-05,0.3358055813571828,4.8427094690439885e-05
410,0.07471695372051244,0.8672189597456501,0.06842412180490472,0.0003255376920857348,2.4886145882587164e-05,0.0002919077652173738,2.2195751733118283e-05
411,0.9813098318436396,0.980621763539913,0.9622678946522363,0.0012443072941293583,0.0012187485497094038,0.0012160581555599348,0.0011911720096773478
412,0.03194641272933088,0.7171279235336174,0.02368959308461088,0.0003362992686836103,6.725985373672206e-06,0.0002508792544379733,4.708189761570544e-06
413,0.0008057730477659303,0.007721431208975693,2.017795612101662e-06,0.6661987622841715,0.0005427870196553471,0.005150087000620808,1.3451970747344413e-06
414,0.018129893574733432,0.8439887514620611,0.015430755644278775,0.001320310928851854,2.4213547345219943e-05,0.0011851186228410428,2.085055465838384e-05
415,0.014278594349768726,0.13226044898642764,0.0019720589115606907,0.0008091360404527665,1.2106773672609971e-05,0.00012106773672609972,6.725985373672207e-07
416,0.04891943681979269,0.38442571182784707,0.017364476439209537,0.00028787217399317046,2.085055465838384e-05,9.281859815667644e-05,6.725985373672206e-06
417,0.9342978844758204,0.8413118092833395,0.8082529185732032,0.00018227420362651678,0.00016814963434180516,0.00015806065628129685,0.00015267986798235908
418,0.7861876509563342,0.19479395280107023,0.16210902687771014,0.041945262585831984,0.032182494815946774,0.008091360404527664,0.006542365972970955
419,0.6762890855417546,0.050559232053893975,0.03468388877641547,0.00461738895902597,0.003673733211099759,0.00014124569284711634,0.00011232395574032584
420,0.9350343798742375,0.9729191650899836,0.9209636184725153,0.0004015413268082307,0.00038270856776194856,0.00039212494728508966,0.00037665518092564354
421,0.0008246058068122125,0.30246487185988963,0.0002703846120216227,0.012614585568322224,1.6814963434180516e-05,0.0037329218823880747,6.053386836304986e-06
422,0.13458898512279296,0.08085239757837623,0.010953267181025189,0.13168134164575446,0.016948137944579226,0.011127470202203298,0.0014622292202363376
423,0.9362833953581284,0.03428571044229407,0.03306897968819677,0.004515826579883519,0.004281762288879726,0.00014864427675815575,0.00014528128407131967
424,0.0008474741570826981,1.2779372209977193e-05,1.3451970747344413e-06,0.25838410891791674,0.00019707137144859565,2.6903941494688827e-06,0.0
425,0.00027240240763372434,0.1609447588095275,3.766551809256435e-05,0.00012644852502503748,6.725985373672207e-07,1.8832759046282177e-05,6.725985373672207e-07
426,0.0010721220685633497,0.003182736278821688,6.053386836304986e-06,0.0012510332795030304,0.0,3.362992686836103e-06,0.0
427,0.9812997428655792,0.029626620373951335,0.029033388463993445,0.0005831429318973803,0.0005723813552995047,1.4797167822078854e-05,1.4797167822078854e-05
428,0.007039416292085331,0.142833025395303,0.000801737456541727,0.018557666244498984,0.00015133467090762463,0.0021281017722298862,1.4797167822078854e-05
429,0.9813010880626539,0.0854637331505659,0.0839429878575786,0.06003278245271128,0.058999671099315226,0.005421816809717166,0.005339087189620997
430,0.9812990702670418,0.6242205423700086,0.6124050038640786,0.05675991796988238,0.05568106991594536,0.036062043179480904,0.03536523109476846
431,0.9293246908905272,0.1756632326027344,0.16520365274813673,0.0016377774384891822,0.0015315068695851614,0.00025760523981164553,0.00024213547345219944
432,0.9681329538980784,0.9996791704976759,0.9679331921324804,0.09289123879871211,0.0900945740803392,0.09286635265282953,0.09007910431397975
433,0.0006658725519935484,0.004524570360869293,4.708189761570544e-06,0.2496726126619365,0.0001856371963133529,0.0011198765647164224,1.3451970747344413e-06
434,0.05128967406547478,0.07511647725170857,0.0035223985401921344,0.25377277334572707,0.012929361683810082,0.019290798650229254,0.0009201147991183578
435,0.006656707724323383,0.30706141026425726,0.0019128702402723755,0.2617867849184575,0.0017796957298736658,0.0804939025579595,0.0005205912679222288
436,0.00195524394812651,0.15839359255729363,0.00042911786684028674,7.129544496092539e-05,6.725985373672207e-07,8.743780985773869e-06,0.0
437,9.080080254457478e-05,0.48173726821413654,3.5647722480462696e-05,0.5051167933730212,4.170110931676768e-05,0.24391449658353573,1.7487561971547738e-05
438,0.001561101205229319,0.13839051205599248,0.00015806065628129685,0.24573791121833827,0.00037598258238827635,0.03437247565361445,3.699291955519713e-05
439,0.6090359577904062,0.020544522323881754,0.013310052455959929,0.029927271920154482,0.019569254444699286,0.000603320888018397,0.0004015413268082307
440,0.00148106197928262,0.04796636469234334,7.331324057302706e-05,0.007035380700861128,2.017795612101662e-05,0.00036723880140250245,6.725985373672207e-07
441,0.9349832623853976,0.00905788450272436,0.008322734301381989,0.0003194843052494298,0.0003040145388899837,2.6903941494688827e-06,2.6903941494688827e-06
442,0.00892269219671355,0.3504150941873362,0.0030677219289318935,0.0036172349339609125,3.5647722480462696e-05,0.0012086595716488955,7.398583911039427e-06
443,0.765283288414961,0.9023218774108454,0.7159138831736697,0.5322790127060589,0.40522178600470415,0.4811326021290434,0.37918751441883114
444,0.045928391124120664,0.17126040257712855,0.009153393495030505,0.0001170321455018964,4.035591224203324e-06,2.017795612101662e-05,1.3451970747344413e-06
445,0.0002495340573632389,0.9798973749151685,0.0002495340573632389,0.0349233338557182,1.076157659787553e-05,0.03441821235415542,1.076157659787553e-05
446,0.9370736986395349,0.26439646724344235,0.2548556569908883,0.004677250228851652,0.004344313952854878,0.0011904994111399806,0.0011440901120616423
447,0.9675134906451632,0.061090779951989915,0.05966688884838351,0.10047411470899015,0.09739563120346038,0.006080290777799675,0.00595316965423727
448,0.018136619560107106,0.9818277327174124,0.0178453843934271,0.00019034538607492344,5.380788298937765e-06,0.00018765499192545455,5.380788298937765e-06
449,0.12193404364222869,0.2787564460162325,0.03810741533161462,0.008790862883389573,0.0012510332795030304,0.002758326601742972,0.00043315345806449007
450,0.007364953984171066,0.022226018667299806,0.00015200726944499185,0.006344622002984992,3.699291955519713e-05,0.00015469766359446074,0.0
451,0.588673709670151,0.013343009784290923,0.007991143222459949,0.004776794812382001,0.0026507108357642166,5.179008737727599e-05,3.161213125625937e-05
452,0.0,0.8963202806619177,0.0,0.011003712071327729,0.0,0.009692144923461649,0.0
453,0.09777632197561023,0.8720502350395589,0.08731875991662469,0.05201473528875664,0.005927610909817316,0.04445741812289855,0.0052038948836101865
454,0.6266143205644985,0.4564583247857269,0.29525999632761196,0.0011736844477058,0.0008299865951111503,0.0005125200854738222,0.0003685839984772369
455,0.00020312475828490064,0.5305477440708758,0.00013250191186134247,0.00074053098964131,0.0,0.000378000378000378,0.0
456,0.7764127764127764,0.16105304717404362,0.13410538677442593,0.12741168613054735,0.09833995954992396,0.02045910230963612,0.016874824704006197
457,0.9812963798728923,0.1441190337987491,0.14153087462696004,0.48440882960455917,0.4751061192342331,0.07027511297973932,0.0689601828391864
458,0.044976664193746047,0.981257369157725,0.04448028647316903,0.0006571287710077745,3.161213125625937e-05,0.000640313807573594,3.093953271889215e-05
459,0.009384094793347463,0.6443863917173526,0.006793245227408928,5.649827713884653e-05,0.0,3.295732833099381e-05,0.0
460,0.0034437045113201695,0.9023218774108454,0.003290352044800443,0.42953689572906656,0.0014413786655779537,0.38933231815794095,0.0013868981840512089
461,0.3163177113355049,0.9259590078095417,0.29906354105642363,0.0001506620723702574,4.170110931676768e-05,0.00014460868553395245,4.035591224203324e-05
462,0.38084950540466556,0.0594166821924829,0.024113330163152227,0.010225515563593855,0.0036690250213381884,0.0004862887425165005,0.00021186853927067451
463,3.161213125625937e-05,0.008269599016929977,2.6903941494688827e-06,0.13835419173497465,5.380788298937765e-06,0.001134001134001134,6.725985373672207e-07
464,0.9679069607895231,0.025410100143196227,0.02484511737180776,0.00014797167822078853,0.00014191829138448356,4.035591224203324e-06,4.035591224203324e-06
465,0.0007015202744740111,0.012647542896653216,6.053386836304986e-06,0.2533786306028299,0.00019303578022439232,0.003207622424704275,2.017795612101662e-06
466,0.010681537371928831,0.11612413747645065,0.0016559375989980971,0.00975738698158627,0.00012174033526346694,0.0010721220685633497,1.5469766359446074e-05
467,0.9813118496392518,0.7846050265979092,0.7701946029348165,0.002286162428511183,0.0022478243118812516,0.001657955394610199,0.0016297062560407757
468,0.006292831915607716,0.9392542630976795,0.006117283697354872,0.7406614737575592,0.004572324857022366,0.696503361983789,0.004448566726146797
469,0.9677549535200781,0.05824770593453867,0.05690183626126687,0.00024280807198956666,0.00023675468515326167,9.416379523141088e-06,8.071182448406648e-06
470,3.362992686836103e-06,0.9835838874984782,3.362992686836103e-06,0.06835013596579433,6.725985373672207e-07,0.06719326648152271,6.725985373672207e-07
471,0.9812936894787428,0.7734345100893144,0.7591404459731862,0.0006234988441394135,0.0006147550631536397,0.0003618580131035647,0.00035647722480462696
472,0.00185368156898406,0.14187457247955468,0.0003490786408935875,0.00012174033526346694,0.0,1.6142364896813295e-05,0.0
473,0.7510275624154628,0.1279006652672133,0.10457360279424337,0.0002845091813063343,0.00022599310855538613,3.093953271889215e-05,2.8249138569423267e-05
474,0.5181187956988669,0.0021119594073330727,0.0005817977348226459,0.0678994949457583,0.03262170166084757,0.00012577592648767026,4.909969322780711e-05
475,0.9813152126319387,0.05128900146693741,0.05027741326673711,0.06677760058542977,0.06550302635711888,0.0034174731683628483,0.0033616474897613688
476,0.01992371387389181,0.5327814438134723,0.01251638618186661,0.005349848766218873,0.00014528128407131967,0.003114803826547599,0.00011501434988979473
477,0.0001694948314165396,0.00880835044536112,3.362992686836103e-06,0.00018227420362651678,0.0,1.3451970747344413e-06,0.0
478,0.0016814963434180516,0.6966526788590846,0.001045890725606028,0.25042323262963834,0.00042575487415345066,0.1742675906376974,0.0002643312251853177
